source_folder,filename,predicted,confidence
dataset_1,..\PawlensAI\scraped_images\dataset_1\img_10.jpg,normal,0.8625641088436643
dataset_1,..\PawlensAI\scraped_images\dataset_1\img_100.jpg,normal,0.40667066543206043
dataset_1,..\PawlensAI\scraped_images\dataset_1\img_1000.jpg,fungal,0.46358131326471785
dataset_1,..\PawlensAI\scraped_images\dataset_1\img_1001.jpg,mange,0.5675058835090082
dataset_1,..\PawlensAI\scraped_images\dataset_1\img_1002.jpg,normal,0.6360052875246192
dataset_1,..\PawlensAI\scraped_images\dataset_1\img_1003.jpg,fungal,0.26755797793232344
dataset_1,..\PawlensAI\scraped_images\dataset_1\img_1004.jpg,normal,0.7484361799557919
dataset_1,..\PawlensAI\scraped_images\dataset_1\img_1005.jpg,normal,0.5358028968681243
dataset_1,..\PawlensAI\scraped_images\dataset_1\img_1006.jpg,fungal,0.37025067186434446
dataset_1,..\PawlensAI\scraped_images\dataset_1\img_1007.jpg,fungal,0.40266535976287465
dataset_1,..\PawlensAI\scraped_images\dataset_1\img_1008.jpg,normal,0.4027126451947393
dataset_1,..\PawlensAI\scraped_images\dataset_1\img_1009.jpg,normal,0.617592731561007
dataset_1,..\PawlensAI\scraped_images\dataset_1\img_101.jpg,mange,0.3108349814611905
dataset_1,..\PawlensAI\scraped_images\dataset_1\img_1010.jpg,mange,0.5085189638324901
dataset_1,..\PawlensAI\scraped_images\dataset_1\img_1011.jpg,fungal,0.3753028007683056
dataset_1,..\PawlensAI\scraped_images\dataset_1\img_1012.jpg,normal,0.672613518071886
dataset_1,..\PawlensAI\scraped_images\dataset_1\img_1013.jpg,fungal,0.2622666622775297
dataset_1,..\PawlensAI\scraped_images\dataset_1\img_1014.jpg,normal,0.5387830566725693
dataset_1,..\PawlensAI\scraped_images\dataset_1\img_1015.jpg,other,0.46602981874763993
dataset_1,..\PawlensAI\scraped_images\dataset_1\img_1016.jpg,normal,0.5897665925708939
dataset_1,..\PawlensAI\scraped_images\dataset_1\img_1017.jpg,other,0.2846185900082462
dataset_1,..\PawlensAI\scraped_images\dataset_1\img_1018.jpg,fungal,0.6789694708312748
dataset_1,..\PawlensAI\scraped_images\dataset_1\img_1019.jpg,fungal,0.6316931068926943
dataset_1,..\PawlensAI\scraped_images\dataset_1\img_102.jpg,fungal,0.2460589859385082
dataset_1,..\PawlensAI\scraped_images\dataset_1\img_1020.jpg,mange,0.35266730796950424
dataset_1,..\PawlensAI\scraped_images\dataset_1\img_1021.jpg,normal,0.9889826876995345
dataset_1,..\PawlensAI\scraped_images\dataset_1\img_1022.jpg,fungal,0.6495840015790482
dataset_1,..\PawlensAI\scraped_images\dataset_1\img_1023.jpg,fungal,0.2535938905642087
dataset_1,..\PawlensAI\scraped_images\dataset_1\img_1024.jpg,normal,0.33117306802035285
dataset_1,..\PawlensAI\scraped_images\dataset_1\img_1025.jpg,fungal,0.24124602322265937
dataset_1,..\PawlensAI\scraped_images\dataset_1\img_1026.jpg,allergy,0.40177733433284324
dataset_1,..\PawlensAI\scraped_images\dataset_1\img_1027.jpg,fungal,0.37939057684346145
dataset_1,..\PawlensAI\scraped_images\dataset_1\img_1028.jpg,normal,0.9187719692145916
dataset_1,..\PawlensAI\scraped_images\dataset_1\img_1029.jpg,normal,0.2841595573949909
dataset_1,..\PawlensAI\scraped_images\dataset_1\img_103.jpg,normal,0.314725703611805
dataset_1,..\PawlensAI\scraped_images\dataset_1\img_1030.jpg,fungal,0.5203686907125641
dataset_1,..\PawlensAI\scraped_images\dataset_1\img_1031.jpg,normal,0.6493943658350888
dataset_1,..\PawlensAI\scraped_images\dataset_1\img_1032.jpg,fungal,0.39120376083613484
dataset_1,..\PawlensAI\scraped_images\dataset_1\img_1033.jpg,other,0.553115854615998
dataset_1,..\PawlensAI\scraped_images\dataset_1\img_1034.jpg,normal,0.40374714789314886
dataset_1,..\PawlensAI\scraped_images\dataset_1\img_1035.jpg,mange,0.3172062937490116
dataset_1,..\PawlensAI\scraped_images\dataset_1\img_1036.jpg,normal,0.306229306180327
dataset_1,..\PawlensAI\scraped_images\dataset_1\img_1037.jpg,fungal,0.4065811121655801
dataset_1,..\PawlensAI\scraped_images\dataset_1\img_1038.jpg,wound,0.40275787799360413
dataset_1,..\PawlensAI\scraped_images\dataset_1\img_1039.jpg,other,0.7358981781739646
dataset_1,..\PawlensAI\scraped_images\dataset_1\img_104.jpg,fungal,0.3410601222452355
dataset_1,..\PawlensAI\scraped_images\dataset_1\img_1040.jpg,fungal,0.5603390365218743
dataset_1,..\PawlensAI\scraped_images\dataset_1\img_1041.jpg,normal,0.46082687191691657
dataset_1,..\PawlensAI\scraped_images\dataset_1\img_1042.jpg,fungal,0.26104205271950054
dataset_1,..\PawlensAI\scraped_images\dataset_1\img_1043.jpg,fungal,0.339477064754643
dataset_1,..\PawlensAI\scraped_images\dataset_1\img_1044.jpg,fungal,0.5009003868141731
dataset_1,..\PawlensAI\scraped_images\dataset_1\img_1045.jpg,wound,0.29388063645775525
dataset_1,..\PawlensAI\scraped_images\dataset_1\img_105.jpg,mange,0.8006913151175491
dataset_1,..\PawlensAI\scraped_images\dataset_1\img_1052.jpg,normal,0.4897728373809844
dataset_1,..\PawlensAI\scraped_images\dataset_1\img_1053.jpg,mange,0.5942253733855593
dataset_1,..\PawlensAI\scraped_images\dataset_1\img_1054.jpg,normal,0.379079460446572
dataset_1,..\PawlensAI\scraped_images\dataset_1\img_1055.jpg,normal,0.7300191177746611
dataset_1,..\PawlensAI\scraped_images\dataset_1\img_1056.jpg,mange,0.2491819530236962
dataset_1,..\PawlensAI\scraped_images\dataset_1\img_1057.jpg,normal,0.6944658546306356
dataset_1,..\PawlensAI\scraped_images\dataset_1\img_1058.jpg,mange,0.5866428774837077
dataset_1,..\PawlensAI\scraped_images\dataset_1\img_1059.jpg,fungal,0.38264658310555305
dataset_1,..\PawlensAI\scraped_images\dataset_1\img_1060.jpg,wound,0.37276885555775374
dataset_1,..\PawlensAI\scraped_images\dataset_1\img_1061.jpg,mange,0.39961409976735623
dataset_1,..\PawlensAI\scraped_images\dataset_1\img_1062.jpg,normal,0.8914600990742152
dataset_1,..\PawlensAI\scraped_images\dataset_1\img_1063.jpg,normal,0.3856031136099857
dataset_1,..\PawlensAI\scraped_images\dataset_1\img_1064.jpg,fungal,0.3392640084342355
dataset_1,..\PawlensAI\scraped_images\dataset_1\img_1065.jpg,fungal,0.33018069076875545
dataset_1,..\PawlensAI\scraped_images\dataset_1\img_1066.jpg,fungal,0.3847541102401138
dataset_1,..\PawlensAI\scraped_images\dataset_1\img_1067.jpg,fungal,0.4161746104631631
dataset_1,..\PawlensAI\scraped_images\dataset_1\img_1068.jpg,normal,0.8283724381964103
dataset_1,..\PawlensAI\scraped_images\dataset_1\img_1069.jpg,fungal,0.42236704566696637
dataset_1,..\PawlensAI\scraped_images\dataset_1\img_1070.jpg,bacterial,0.2873838155801875
dataset_1,..\PawlensAI\scraped_images\dataset_1\img_1071.jpg,normal,0.2653330458986538
dataset_1,..\PawlensAI\scraped_images\dataset_1\img_1072.jpg,other,0.23422916079153455
dataset_1,..\PawlensAI\scraped_images\dataset_1\img_1073.jpg,fungal,0.2662157885062605
dataset_1,..\PawlensAI\scraped_images\dataset_1\img_1074.jpg,wound,0.2900709712461781
dataset_1,..\PawlensAI\scraped_images\dataset_1\img_1075.jpg,fungal,0.34548680730625475
dataset_1,..\PawlensAI\scraped_images\dataset_1\img_1076.jpg,fungal,0.3890602881270412
dataset_1,..\PawlensAI\scraped_images\dataset_1\img_1077.jpg,normal,0.4984547554560529
dataset_1,..\PawlensAI\scraped_images\dataset_1\img_1078.jpg,fungal,0.4475917412632961
dataset_1,..\PawlensAI\scraped_images\dataset_1\img_1079.jpg,other,0.48485079362522515
dataset_1,..\PawlensAI\scraped_images\dataset_1\img_1080.jpg,normal,0.6942746353658229
dataset_1,..\PawlensAI\scraped_images\dataset_1\img_1081.jpg,normal,0.3476612515514775
dataset_1,..\PawlensAI\scraped_images\dataset_1\img_1082.jpg,normal,0.42944259486027414
dataset_1,..\PawlensAI\scraped_images\dataset_1\img_1083.jpg,fungal,0.4085276752089896
dataset_1,..\PawlensAI\scraped_images\dataset_1\img_1084.jpg,mange,0.3869998333856271
dataset_1,..\PawlensAI\scraped_images\dataset_1\img_1085.jpg,fungal,0.49178669502992833
dataset_1,..\PawlensAI\scraped_images\dataset_1\img_1086.jpg,normal,0.6977336371875659
dataset_1,..\PawlensAI\scraped_images\dataset_1\img_1087.jpg,fungal,0.39386941844941836
dataset_1,..\PawlensAI\scraped_images\dataset_1\img_1088.jpg,normal,0.5058377399379752
dataset_1,..\PawlensAI\scraped_images\dataset_1\img_1089.jpg,normal,0.6019530029810124
dataset_1,..\PawlensAI\scraped_images\dataset_1\img_1090.jpg,bacterial,0.3522806868427669
dataset_1,..\PawlensAI\scraped_images\dataset_1\img_1091.jpg,normal,0.5202614216170472
dataset_1,..\PawlensAI\scraped_images\dataset_1\img_1092.jpg,normal,0.6486630146770189
dataset_1,..\PawlensAI\scraped_images\dataset_1\img_1093.jpg,normal,0.5888360013362393
dataset_1,..\PawlensAI\scraped_images\dataset_1\img_1094.jpg,normal,0.38592787377483817
dataset_1,..\PawlensAI\scraped_images\dataset_1\img_1095.jpg,bacterial,0.24837975646927812
dataset_1,..\PawlensAI\scraped_images\dataset_1\img_1096.jpg,fungal,0.4568053623907286
dataset_1,..\PawlensAI\scraped_images\dataset_1\img_1097.jpg,bacterial,0.2774671666862841
dataset_1,..\PawlensAI\scraped_images\dataset_1\img_1098.jpg,other,0.3623190346693504
dataset_1,..\PawlensAI\scraped_images\dataset_1\img_1099.jpg,normal,0.2500561703895381
dataset_1,..\PawlensAI\scraped_images\dataset_1\img_11.jpg,normal,0.42050959978802827
dataset_1,..\PawlensAI\scraped_images\dataset_1\img_1100.jpg,normal,0.581267466841748
dataset_1,..\PawlensAI\scraped_images\dataset_1\img_1101.jpg,mange,0.7575927950783357
dataset_1,..\PawlensAI\scraped_images\dataset_1\img_1105.jpg,normal,0.37319815423945596
dataset_1,..\PawlensAI\scraped_images\dataset_1\img_1106.jpg,other,0.4163315313136675
dataset_1,..\PawlensAI\scraped_images\dataset_1\img_1107.jpg,normal,0.8113112385638159
dataset_1,..\PawlensAI\scraped_images\dataset_1\img_1108.jpg,normal,0.40831766035302686
dataset_1,..\PawlensAI\scraped_images\dataset_1\img_1109.jpg,mange,0.7700067313526403
dataset_1,..\PawlensAI\scraped_images\dataset_1\img_1110.jpg,normal,0.7517080141246236
dataset_1,..\PawlensAI\scraped_images\dataset_1\img_1111.jpg,normal,0.5071759221353136
dataset_1,..\PawlensAI\scraped_images\dataset_1\img_1112.jpg,other,0.3471705202013779
dataset_1,..\PawlensAI\scraped_images\dataset_1\img_1113.jpg,normal,0.7264933391964887
dataset_1,..\PawlensAI\scraped_images\dataset_1\img_1114.jpg,normal,0.46834361684045833
dataset_1,..\PawlensAI\scraped_images\dataset_1\img_1115.jpg,fungal,0.7496433580674888
dataset_1,..\PawlensAI\scraped_images\dataset_1\img_1116.jpg,fungal,0.35947783513972065
dataset_1,..\PawlensAI\scraped_images\dataset_1\img_1117.jpg,wound,0.44002389920045937
dataset_1,..\PawlensAI\scraped_images\dataset_1\img_1118.jpg,fungal,0.2735227822739903
dataset_1,..\PawlensAI\scraped_images\dataset_1\img_1119.jpg,normal,0.740848742937487
dataset_1,..\PawlensAI\scraped_images\dataset_1\img_1120.jpg,normal,0.7122371983910408
dataset_1,..\PawlensAI\scraped_images\dataset_1\img_1121.jpg,wound,0.4247848702003551
dataset_1,..\PawlensAI\scraped_images\dataset_1\img_1122.jpg,fungal,0.22723862892780858
dataset_1,..\PawlensAI\scraped_images\dataset_1\img_1123.jpg,normal,0.5535516061044975
dataset_1,..\PawlensAI\scraped_images\dataset_1\img_1124.jpg,bacterial,0.34709769585504036
dataset_1,..\PawlensAI\scraped_images\dataset_1\img_1125.jpg,normal,0.2322867664028002
dataset_1,..\PawlensAI\scraped_images\dataset_1\img_1126.jpg,normal,0.5535262903496737
dataset_1,..\PawlensAI\scraped_images\dataset_1\img_1127.jpg,normal,0.3269365099215666
dataset_1,..\PawlensAI\scraped_images\dataset_1\img_1128.jpg,bacterial,0.21537578028588836
dataset_1,..\PawlensAI\scraped_images\dataset_1\img_1129.jpg,bacterial,0.3458710487382686
dataset_1,..\PawlensAI\scraped_images\dataset_1\img_1130.jpg,other,0.4849048314436126
dataset_1,..\PawlensAI\scraped_images\dataset_1\img_1131.jpg,allergy,0.3044818975002657
dataset_1,..\PawlensAI\scraped_images\dataset_1\img_1132.jpg,mange,0.3173242240754148
dataset_1,..\PawlensAI\scraped_images\dataset_1\img_1133.jpg,normal,0.7129686240841839
dataset_1,..\PawlensAI\scraped_images\dataset_1\img_1134.jpg,fungal,0.5663122487867853
dataset_1,..\PawlensAI\scraped_images\dataset_1\img_1135.jpg,wound,0.25643111679591285
dataset_1,..\PawlensAI\scraped_images\dataset_1\img_1136.jpg,fungal,0.49257271309505174
dataset_1,..\PawlensAI\scraped_images\dataset_1\img_1137.jpg,other,0.4412959471103559
dataset_1,..\PawlensAI\scraped_images\dataset_1\img_1138.jpg,mange,0.31213541933752403
dataset_1,..\PawlensAI\scraped_images\dataset_1\img_1139.jpg,normal,0.27718549938117865
dataset_1,..\PawlensAI\scraped_images\dataset_1\img_1140.jpg,fungal,0.36462861826126375
dataset_1,..\PawlensAI\scraped_images\dataset_1\img_1141.jpg,normal,0.732485702962026
dataset_1,..\PawlensAI\scraped_images\dataset_1\img_1142.jpg,other,0.7449537603171568
dataset_1,..\PawlensAI\scraped_images\dataset_1\img_1143.jpg,normal,0.2932541830317433
dataset_1,..\PawlensAI\scraped_images\dataset_1\img_1144.jpg,other,0.7348771072968523
dataset_1,..\PawlensAI\scraped_images\dataset_1\img_1145.jpg,fungal,0.2526380078963076
dataset_1,..\PawlensAI\scraped_images\dataset_1\img_1146.jpg,mange,0.8946029645232009
dataset_1,..\PawlensAI\scraped_images\dataset_1\img_1147.jpg,fungal,0.30956318590948406
dataset_1,..\PawlensAI\scraped_images\dataset_1\img_1148.jpg,fungal,0.32276874303983805
dataset_1,..\PawlensAI\scraped_images\dataset_1\img_1149.jpg,fungal,0.2502661063933402
dataset_1,..\PawlensAI\scraped_images\dataset_1\img_115.jpg,mange,0.7567750452960462
dataset_1,..\PawlensAI\scraped_images\dataset_1\img_1150.jpg,fungal,0.3518381630565244
dataset_1,..\PawlensAI\scraped_images\dataset_1\img_1151.jpg,normal,0.793421757750567
dataset_1,..\PawlensAI\scraped_images\dataset_1\img_1152.jpg,normal,0.44380164600000505
dataset_1,..\PawlensAI\scraped_images\dataset_1\img_1153.jpg,mange,0.6984001419344343
dataset_1,..\PawlensAI\scraped_images\dataset_1\img_1154.jpg,fungal,0.6737107898527177
dataset_1,..\PawlensAI\scraped_images\dataset_1\img_1158.jpg,normal,0.4422688623998805
dataset_1,..\PawlensAI\scraped_images\dataset_1\img_1159.jpg,mange,0.4257329698249327
dataset_1,..\PawlensAI\scraped_images\dataset_1\img_116.jpg,mange,0.7218774477058035
dataset_1,..\PawlensAI\scraped_images\dataset_1\img_1160.jpg,fungal,0.2507454302656378
dataset_1,..\PawlensAI\scraped_images\dataset_1\img_1161.jpg,mange,0.9263586067114972
dataset_1,..\PawlensAI\scraped_images\dataset_1\img_1162.jpg,mange,0.5149983582038261
dataset_1,..\PawlensAI\scraped_images\dataset_1\img_1163.jpg,mange,0.5540418890898153
dataset_1,..\PawlensAI\scraped_images\dataset_1\img_1164.jpg,normal,0.9572385031751591
dataset_1,..\PawlensAI\scraped_images\dataset_1\img_1165.jpg,fungal,0.30202956623543614
dataset_1,..\PawlensAI\scraped_images\dataset_1\img_1166.jpg,fungal,0.21517534096676813
dataset_1,..\PawlensAI\scraped_images\dataset_1\img_1167.jpg,normal,0.9003740654144695
dataset_1,..\PawlensAI\scraped_images\dataset_1\img_1168.jpg,normal,0.7253625950899076
dataset_1,..\PawlensAI\scraped_images\dataset_1\img_1169.jpg,fungal,0.5427235086485517
dataset_1,..\PawlensAI\scraped_images\dataset_1\img_117.jpg,mange,0.7228537855150711
dataset_1,..\PawlensAI\scraped_images\dataset_1\img_1170.jpg,mange,0.33887699591781995
dataset_1,..\PawlensAI\scraped_images\dataset_1\img_1171.jpg,mange,0.7397902761254499
dataset_1,..\PawlensAI\scraped_images\dataset_1\img_1172.jpg,normal,0.22433409080649303
dataset_1,..\PawlensAI\scraped_images\dataset_1\img_1173.jpg,bacterial,0.22625686615112542
dataset_1,..\PawlensAI\scraped_images\dataset_1\img_1174.jpg,normal,0.6229095211178628
dataset_1,..\PawlensAI\scraped_images\dataset_1\img_1175.jpg,fungal,0.4700012461492461
dataset_1,..\PawlensAI\scraped_images\dataset_1\img_1176.jpg,mange,0.6578551444843791
dataset_1,..\PawlensAI\scraped_images\dataset_1\img_1177.jpg,normal,0.6140469234143832
dataset_1,..\PawlensAI\scraped_images\dataset_1\img_1178.jpg,fungal,0.39636198018123064
dataset_1,..\PawlensAI\scraped_images\dataset_1\img_1179.jpg,normal,0.671384270668201
dataset_1,..\PawlensAI\scraped_images\dataset_1\img_118.jpg,bacterial,0.26206306139673446
dataset_1,..\PawlensAI\scraped_images\dataset_1\img_1180.jpg,normal,0.6742271260151931
dataset_1,..\PawlensAI\scraped_images\dataset_1\img_1181.jpg,normal,0.533833259608051
dataset_1,..\PawlensAI\scraped_images\dataset_1\img_1182.jpg,fungal,0.4947676027196387
dataset_1,..\PawlensAI\scraped_images\dataset_1\img_1183.jpg,mange,0.9486375770683622
dataset_1,..\PawlensAI\scraped_images\dataset_1\img_1184.jpg,normal,0.43869744721306025
dataset_1,..\PawlensAI\scraped_images\dataset_1\img_1185.jpg,mange,0.7375771616258584
dataset_1,..\PawlensAI\scraped_images\dataset_1\img_1186.jpg,fungal,0.6564967126309461
dataset_1,..\PawlensAI\scraped_images\dataset_1\img_1187.jpg,normal,0.7792221503877669
dataset_1,..\PawlensAI\scraped_images\dataset_1\img_1188.jpg,normal,0.7416805087505906
dataset_1,..\PawlensAI\scraped_images\dataset_1\img_1189.jpg,mange,0.4604553083114183
dataset_1,..\PawlensAI\scraped_images\dataset_1\img_119.jpg,fungal,0.3722593205783016
dataset_1,..\PawlensAI\scraped_images\dataset_1\img_1190.jpg,fungal,0.3276211958597472
dataset_1,..\PawlensAI\scraped_images\dataset_1\img_1191.jpg,normal,0.5832740304328532
dataset_1,..\PawlensAI\scraped_images\dataset_1\img_1192.jpg,mange,0.42590061571946564
dataset_1,..\PawlensAI\scraped_images\dataset_1\img_1193.jpg,normal,0.30019245479874995
dataset_1,..\PawlensAI\scraped_images\dataset_1\img_1194.jpg,mange,0.8243624557100085
dataset_1,..\PawlensAI\scraped_images\dataset_1\img_1195.jpg,other,0.3648769667749736
dataset_1,..\PawlensAI\scraped_images\dataset_1\img_1196.jpg,fungal,0.31353669035771337
dataset_1,..\PawlensAI\scraped_images\dataset_1\img_1197.jpg,normal,0.794852979598325
dataset_1,..\PawlensAI\scraped_images\dataset_1\img_1198.jpg,mange,0.7614194845631584
dataset_1,..\PawlensAI\scraped_images\dataset_1\img_1199.jpg,mange,0.7679161211723025
dataset_1,..\PawlensAI\scraped_images\dataset_1\img_12.jpg,fungal,0.7323264205690191
dataset_1,..\PawlensAI\scraped_images\dataset_1\img_120.jpg,fungal,0.368556665616964
dataset_1,..\PawlensAI\scraped_images\dataset_1\img_1200.jpg,fungal,0.3253132700803403
dataset_1,..\PawlensAI\scraped_images\dataset_1\img_1201.jpg,other,0.4324463798185257
dataset_1,..\PawlensAI\scraped_images\dataset_1\img_1202.jpg,mange,0.3961911884765871
dataset_1,..\PawlensAI\scraped_images\dataset_1\img_1203.jpg,fungal,0.6701413728671126
dataset_1,..\PawlensAI\scraped_images\dataset_1\img_1204.jpg,normal,0.44239199630223236
dataset_1,..\PawlensAI\scraped_images\dataset_1\img_1205.jpg,normal,0.6307115866422108
dataset_1,..\PawlensAI\scraped_images\dataset_1\img_1206.jpg,other,0.39896735284548196
dataset_1,..\PawlensAI\scraped_images\dataset_1\img_1207.jpg,fungal,0.2831119150941256
dataset_1,..\PawlensAI\scraped_images\dataset_1\img_121.jpg,wound,0.3747056061293526
dataset_1,..\PawlensAI\scraped_images\dataset_1\img_1214.jpg,fungal,0.29824819598263413
dataset_1,..\PawlensAI\scraped_images\dataset_1\img_1215.jpg,fungal,0.42670621125808306
dataset_1,..\PawlensAI\scraped_images\dataset_1\img_1216.jpg,mange,0.4873655114584683
dataset_1,..\PawlensAI\scraped_images\dataset_1\img_1217.jpg,fungal,0.33512918327398966
dataset_1,..\PawlensAI\scraped_images\dataset_1\img_1218.jpg,other,0.760899177128646
dataset_1,..\PawlensAI\scraped_images\dataset_1\img_1219.jpg,mange,0.7320845489821165
dataset_1,..\PawlensAI\scraped_images\dataset_1\img_122.jpg,normal,0.3740840871496738
dataset_1,..\PawlensAI\scraped_images\dataset_1\img_1220.jpg,mange,0.5940625674329836
dataset_1,..\PawlensAI\scraped_images\dataset_1\img_1221.jpg,bacterial,0.30663860451315766
dataset_1,..\PawlensAI\scraped_images\dataset_1\img_1222.jpg,mange,0.36359686832062843
dataset_1,..\PawlensAI\scraped_images\dataset_1\img_1223.jpg,mange,0.7334993961993486
dataset_1,..\PawlensAI\scraped_images\dataset_1\img_1224.jpg,mange,0.4365652604573501
dataset_1,..\PawlensAI\scraped_images\dataset_1\img_1225.jpg,fungal,0.3289443728238381
dataset_1,..\PawlensAI\scraped_images\dataset_1\img_1226.jpg,mange,0.5352867486757014
dataset_1,..\PawlensAI\scraped_images\dataset_1\img_1227.jpg,mange,0.7618228644132614
dataset_1,..\PawlensAI\scraped_images\dataset_1\img_1228.jpg,other,0.5968912090353402
dataset_1,..\PawlensAI\scraped_images\dataset_1\img_1229.jpg,other,0.37865169277824123
dataset_1,..\PawlensAI\scraped_images\dataset_1\img_123.jpg,bacterial,0.3050070586624983
dataset_1,..\PawlensAI\scraped_images\dataset_1\img_1230.jpg,fungal,0.36195786833458593
dataset_1,..\PawlensAI\scraped_images\dataset_1\img_1231.jpg,mange,0.22956795759005957
dataset_1,..\PawlensAI\scraped_images\dataset_1\img_1232.jpg,fungal,0.3389745926593248
dataset_1,..\PawlensAI\scraped_images\dataset_1\img_1233.jpg,fungal,0.4025725569312478
dataset_1,..\PawlensAI\scraped_images\dataset_1\img_1234.jpg,mange,0.47757247350192916
dataset_1,..\PawlensAI\scraped_images\dataset_1\img_1235.jpg,other,0.3923590017486769
dataset_1,..\PawlensAI\scraped_images\dataset_1\img_1236.jpg,other,0.39775513647884225
dataset_1,..\PawlensAI\scraped_images\dataset_1\img_1237.jpg,mange,0.3966129672777435
dataset_1,..\PawlensAI\scraped_images\dataset_1\img_1238.jpg,fungal,0.6491469156457432
dataset_1,..\PawlensAI\scraped_images\dataset_1\img_1239.jpg,mange,0.6585300228223685
dataset_1,..\PawlensAI\scraped_images\dataset_1\img_124.jpg,mange,0.9264680234659315
dataset_1,..\PawlensAI\scraped_images\dataset_1\img_1240.jpg,mange,0.4920616233682356
dataset_1,..\PawlensAI\scraped_images\dataset_1\img_1241.jpg,mange,0.6036944499506038
dataset_1,..\PawlensAI\scraped_images\dataset_1\img_1242.jpg,bacterial,0.3444245675515404
dataset_1,..\PawlensAI\scraped_images\dataset_1\img_1243.jpg,normal,0.30836466569623616
dataset_1,..\PawlensAI\scraped_images\dataset_1\img_1244.jpg,mange,0.6631050165444101
dataset_1,..\PawlensAI\scraped_images\dataset_1\img_1245.jpg,bacterial,0.3729093767708206
dataset_1,..\PawlensAI\scraped_images\dataset_1\img_1246.jpg,other,0.39570522997038576
dataset_1,..\PawlensAI\scraped_images\dataset_1\img_1247.jpg,bacterial,0.41108964147905763
dataset_1,..\PawlensAI\scraped_images\dataset_1\img_1248.jpg,fungal,0.5039124919108111
dataset_1,..\PawlensAI\scraped_images\dataset_1\img_1249.jpg,mange,0.8706616870257993
dataset_1,..\PawlensAI\scraped_images\dataset_1\img_125.jpg,fungal,0.2648337493446051
dataset_1,..\PawlensAI\scraped_images\dataset_1\img_1250.jpg,bacterial,0.30370348934946867
dataset_1,..\PawlensAI\scraped_images\dataset_1\img_1251.jpg,other,0.3271956955004105
dataset_1,..\PawlensAI\scraped_images\dataset_1\img_1252.jpg,other,0.32032060840195387
dataset_1,..\PawlensAI\scraped_images\dataset_1\img_1253.jpg,mange,0.41260116006539427
dataset_1,..\PawlensAI\scraped_images\dataset_1\img_1254.jpg,fungal,0.3336044519312615
dataset_1,..\PawlensAI\scraped_images\dataset_1\img_1255.jpg,mange,0.47437131195025173
dataset_1,..\PawlensAI\scraped_images\dataset_1\img_1256.jpg,mange,0.8731141370628615
dataset_1,..\PawlensAI\scraped_images\dataset_1\img_1257.jpg,fungal,0.29026337981391837
dataset_1,..\PawlensAI\scraped_images\dataset_1\img_1258.jpg,mange,0.6969244834606926
dataset_1,..\PawlensAI\scraped_images\dataset_1\img_1259.jpg,allergy,0.363051744151169
dataset_1,..\PawlensAI\scraped_images\dataset_1\img_126.jpg,mange,0.7159991767258449
dataset_1,..\PawlensAI\scraped_images\dataset_1\img_1260.jpg,mange,0.7928302055843209
dataset_1,..\PawlensAI\scraped_images\dataset_1\img_1261.jpg,other,0.3975578930583833
dataset_1,..\PawlensAI\scraped_images\dataset_1\img_1262.jpg,mange,0.9608772931370567
dataset_1,..\PawlensAI\scraped_images\dataset_1\img_1263.jpg,fungal,0.44520867901828176
dataset_1,..\PawlensAI\scraped_images\dataset_1\img_1267.jpg,normal,0.6216591693128299
dataset_1,..\PawlensAI\scraped_images\dataset_1\img_1268.jpg,mange,0.8776428991775416
dataset_1,..\PawlensAI\scraped_images\dataset_1\img_1269.jpg,normal,0.8182063950187515
dataset_1,..\PawlensAI\scraped_images\dataset_1\img_127.jpg,mange,0.7690282516199324
dataset_1,..\PawlensAI\scraped_images\dataset_1\img_1270.jpg,bacterial,0.3277258995362366
dataset_1,..\PawlensAI\scraped_images\dataset_1\img_1271.jpg,fungal,0.5653665022662646
dataset_1,..\PawlensAI\scraped_images\dataset_1\img_1272.jpg,mange,0.8769489580856513
dataset_1,..\PawlensAI\scraped_images\dataset_1\img_1273.jpg,allergy,0.49445579228853764
dataset_1,..\PawlensAI\scraped_images\dataset_1\img_1274.jpg,mange,0.5636221424408762
dataset_1,..\PawlensAI\scraped_images\dataset_1\img_1275.jpg,fungal,0.4808415922327143
dataset_1,..\PawlensAI\scraped_images\dataset_1\img_1276.jpg,fungal,0.5831025744378667
dataset_1,..\PawlensAI\scraped_images\dataset_1\img_1277.jpg,fungal,0.5242000959774136
dataset_1,..\PawlensAI\scraped_images\dataset_1\img_1278.jpg,fungal,0.3953051224801272
dataset_1,..\PawlensAI\scraped_images\dataset_1\img_1279.jpg,fungal,0.5134637711777837
dataset_1,..\PawlensAI\scraped_images\dataset_1\img_128.jpg,other,0.38463500618491087
dataset_1,..\PawlensAI\scraped_images\dataset_1\img_1280.jpg,fungal,0.872513933044058
dataset_1,..\PawlensAI\scraped_images\dataset_1\img_1281.jpg,other,0.43535526436390387
dataset_1,..\PawlensAI\scraped_images\dataset_1\img_1282.jpg,wound,0.3678995584835894
dataset_1,..\PawlensAI\scraped_images\dataset_1\img_1283.jpg,allergy,0.25562129156545477
dataset_1,..\PawlensAI\scraped_images\dataset_1\img_1284.jpg,mange,0.6278261945040626
dataset_1,..\PawlensAI\scraped_images\dataset_1\img_1285.jpg,fungal,0.3752872317420501
dataset_1,..\PawlensAI\scraped_images\dataset_1\img_1286.jpg,mange,0.372629837416495
dataset_1,..\PawlensAI\scraped_images\dataset_1\img_1287.jpg,mange,0.9169648559020943
dataset_1,..\PawlensAI\scraped_images\dataset_1\img_1288.jpg,mange,0.46455948072125014
dataset_1,..\PawlensAI\scraped_images\dataset_1\img_1289.jpg,fungal,0.2553573374590604
dataset_1,..\PawlensAI\scraped_images\dataset_1\img_129.jpg,mange,0.6427580979643458
dataset_1,..\PawlensAI\scraped_images\dataset_1\img_1290.jpg,mange,0.34564330196109105
dataset_1,..\PawlensAI\scraped_images\dataset_1\img_1291.jpg,mange,0.6582055919312509
dataset_1,..\PawlensAI\scraped_images\dataset_1\img_1292.jpg,fungal,0.43005890477785563
dataset_1,..\PawlensAI\scraped_images\dataset_1\img_1293.jpg,normal,0.4391715713152517
dataset_1,..\PawlensAI\scraped_images\dataset_1\img_1294.jpg,fungal,0.35885776500239647
dataset_1,..\PawlensAI\scraped_images\dataset_1\img_1295.jpg,bacterial,0.6492822581200589
dataset_1,..\PawlensAI\scraped_images\dataset_1\img_1296.jpg,normal,0.6796425052283239
dataset_1,..\PawlensAI\scraped_images\dataset_1\img_1297.jpg,mange,0.33441501264098544
dataset_1,..\PawlensAI\scraped_images\dataset_1\img_1298.jpg,mange,0.4749304066938069
dataset_1,..\PawlensAI\scraped_images\dataset_1\img_1299.jpg,fungal,0.4111215508746172
dataset_1,..\PawlensAI\scraped_images\dataset_1\img_13.jpg,normal,0.6876620269646538
dataset_1,..\PawlensAI\scraped_images\dataset_1\img_130.jpg,mange,0.6576992335349365
dataset_1,..\PawlensAI\scraped_images\dataset_1\img_1300.jpg,allergy,0.5594642307231801
dataset_1,..\PawlensAI\scraped_images\dataset_1\img_1301.jpg,normal,0.7769421495766522
dataset_1,..\PawlensAI\scraped_images\dataset_1\img_1302.jpg,fungal,0.38710217279978004
dataset_1,..\PawlensAI\scraped_images\dataset_1\img_1303.jpg,fungal,0.40824746924030036
dataset_1,..\PawlensAI\scraped_images\dataset_1\img_1304.jpg,mange,0.31132800828814616
dataset_1,..\PawlensAI\scraped_images\dataset_1\img_1305.jpg,normal,0.7292524207184261
dataset_1,..\PawlensAI\scraped_images\dataset_1\img_1306.jpg,mange,0.2974518910885218
dataset_1,..\PawlensAI\scraped_images\dataset_1\img_1307.jpg,bacterial,0.4660582258196052
dataset_1,..\PawlensAI\scraped_images\dataset_1\img_1308.jpg,bacterial,0.3053313054722559
dataset_1,..\PawlensAI\scraped_images\dataset_1\img_1309.jpg,normal,0.709794292739203
dataset_1,..\PawlensAI\scraped_images\dataset_1\img_131.jpg,mange,0.7010414528440938
dataset_1,..\PawlensAI\scraped_images\dataset_1\img_1310.jpg,bacterial,0.4565750831557387
dataset_1,..\PawlensAI\scraped_images\dataset_1\img_1311.jpg,mange,0.6759408643744842
dataset_1,..\PawlensAI\scraped_images\dataset_1\img_1312.jpg,other,0.6276621210704628
dataset_1,..\PawlensAI\scraped_images\dataset_1\img_1313.jpg,bacterial,0.29520488068861916
dataset_1,..\PawlensAI\scraped_images\dataset_1\img_1314.jpg,mange,0.9511284723550034
dataset_1,..\PawlensAI\scraped_images\dataset_1\img_1315.jpg,mange,0.7401197908970761
dataset_1,..\PawlensAI\scraped_images\dataset_1\img_1316.jpg,mange,0.36715860023701213
dataset_1,..\PawlensAI\scraped_images\dataset_1\img_132.jpg,mange,0.5794057332313968
dataset_1,..\PawlensAI\scraped_images\dataset_1\img_1320.jpg,mange,0.7365778372697392
dataset_1,..\PawlensAI\scraped_images\dataset_1\img_1321.jpg,bacterial,0.5035752599394967
dataset_1,..\PawlensAI\scraped_images\dataset_1\img_1322.jpg,normal,0.8417590428809698
dataset_1,..\PawlensAI\scraped_images\dataset_1\img_1323.jpg,other,0.5388248475969137
dataset_1,..\PawlensAI\scraped_images\dataset_1\img_1324.jpg,mange,0.5318191483236077
dataset_1,..\PawlensAI\scraped_images\dataset_1\img_1325.jpg,fungal,0.4124781957264421
dataset_1,..\PawlensAI\scraped_images\dataset_1\img_1326.jpg,fungal,0.7228855737445047
dataset_1,..\PawlensAI\scraped_images\dataset_1\img_1327.jpg,mange,0.45372226032529417
dataset_1,..\PawlensAI\scraped_images\dataset_1\img_1328.jpg,fungal,0.2719332838830159
dataset_1,..\PawlensAI\scraped_images\dataset_1\img_1329.jpg,mange,0.45208550595601427
dataset_1,..\PawlensAI\scraped_images\dataset_1\img_133.jpg,other,0.5347236376557043
dataset_1,..\PawlensAI\scraped_images\dataset_1\img_1330.jpg,mange,0.7639536693161461
dataset_1,..\PawlensAI\scraped_images\dataset_1\img_1331.jpg,mange,0.3928193362240902
dataset_1,..\PawlensAI\scraped_images\dataset_1\img_1332.jpg,normal,0.8533362089346965
dataset_1,..\PawlensAI\scraped_images\dataset_1\img_1333.jpg,mange,0.711274379735426
dataset_1,..\PawlensAI\scraped_images\dataset_1\img_1334.jpg,mange,0.364608966981555
dataset_1,..\PawlensAI\scraped_images\dataset_1\img_1335.jpg,fungal,0.4506905657482522
dataset_1,..\PawlensAI\scraped_images\dataset_1\img_1336.jpg,normal,0.5485067940395266
dataset_1,..\PawlensAI\scraped_images\dataset_1\img_1337.jpg,normal,0.3900948846437903
dataset_1,..\PawlensAI\scraped_images\dataset_1\img_1338.jpg,wound,0.5151083600732979
dataset_1,..\PawlensAI\scraped_images\dataset_1\img_1339.jpg,normal,0.45738782221709595
dataset_1,..\PawlensAI\scraped_images\dataset_1\img_134.jpg,mange,0.40631607395189434
dataset_1,..\PawlensAI\scraped_images\dataset_1\img_1340.jpg,other,0.398624998399704
dataset_1,..\PawlensAI\scraped_images\dataset_1\img_1341.jpg,mange,0.7064617061135807
dataset_1,..\PawlensAI\scraped_images\dataset_1\img_1342.jpg,mange,0.5057772178960586
dataset_1,..\PawlensAI\scraped_images\dataset_1\img_1343.jpg,bacterial,0.3275591114579911
dataset_1,..\PawlensAI\scraped_images\dataset_1\img_1344.jpg,fungal,0.31962830353004856
dataset_1,..\PawlensAI\scraped_images\dataset_1\img_1345.jpg,mange,0.4621470961385641
dataset_1,..\PawlensAI\scraped_images\dataset_1\img_1346.jpg,mange,0.8125287881068489
dataset_1,..\PawlensAI\scraped_images\dataset_1\img_1347.jpg,wound,0.2954523163021502
dataset_1,..\PawlensAI\scraped_images\dataset_1\img_1348.jpg,fungal,0.7981011387237862
dataset_1,..\PawlensAI\scraped_images\dataset_1\img_1349.jpg,fungal,0.3293614804498892
dataset_1,..\PawlensAI\scraped_images\dataset_1\img_135.jpg,bacterial,0.36923854107855786
dataset_1,..\PawlensAI\scraped_images\dataset_1\img_1350.jpg,mange,0.5197242670573006
dataset_1,..\PawlensAI\scraped_images\dataset_1\img_1351.jpg,other,0.6637431201667978
dataset_1,..\PawlensAI\scraped_images\dataset_1\img_1352.jpg,bacterial,0.6222676659971453
dataset_1,..\PawlensAI\scraped_images\dataset_1\img_1353.jpg,fungal,0.2830631479129969
dataset_1,..\PawlensAI\scraped_images\dataset_1\img_1354.jpg,allergy,0.2774272909176594
dataset_1,..\PawlensAI\scraped_images\dataset_1\img_1355.jpg,mange,0.5913324876283947
dataset_1,..\PawlensAI\scraped_images\dataset_1\img_1356.jpg,allergy,0.39892587954691044
dataset_1,..\PawlensAI\scraped_images\dataset_1\img_1357.jpg,mange,0.5579775441259278
dataset_1,..\PawlensAI\scraped_images\dataset_1\img_1358.jpg,fungal,0.3531079368679631
dataset_1,..\PawlensAI\scraped_images\dataset_1\img_1359.jpg,fungal,0.24153734042120967
dataset_1,..\PawlensAI\scraped_images\dataset_1\img_136.jpg,mange,0.4303179179605158
dataset_1,..\PawlensAI\scraped_images\dataset_1\img_1360.jpg,normal,0.7008084577164237
dataset_1,..\PawlensAI\scraped_images\dataset_1\img_1361.jpg,wound,0.36771703090755165
dataset_1,..\PawlensAI\scraped_images\dataset_1\img_1362.jpg,mange,0.8979994286589835
dataset_1,..\PawlensAI\scraped_images\dataset_1\img_1363.jpg,other,0.47266571453767264
dataset_1,..\PawlensAI\scraped_images\dataset_1\img_1364.jpg,other,0.3226484838668568
dataset_1,..\PawlensAI\scraped_images\dataset_1\img_1365.jpg,mange,0.4642313081024108
dataset_1,..\PawlensAI\scraped_images\dataset_1\img_1366.jpg,fungal,0.31939967046716977
dataset_1,..\PawlensAI\scraped_images\dataset_1\img_1367.jpg,bacterial,0.36916185364798887
dataset_1,..\PawlensAI\scraped_images\dataset_1\img_1368.jpg,normal,0.6505362631736322
dataset_1,..\PawlensAI\scraped_images\dataset_1\img_1369.jpg,fungal,0.4587557199080892
dataset_1,..\PawlensAI\scraped_images\dataset_1\img_137.jpg,fungal,0.349285205097657
dataset_1,..\PawlensAI\scraped_images\dataset_1\img_1376.jpg,allergy,0.46055349170448456
dataset_1,..\PawlensAI\scraped_images\dataset_1\img_1377.jpg,fungal,0.9521344179779748
dataset_1,..\PawlensAI\scraped_images\dataset_1\img_1378.jpg,fungal,0.32852337574622703
dataset_1,..\PawlensAI\scraped_images\dataset_1\img_1379.jpg,fungal,0.817330724314146
dataset_1,..\PawlensAI\scraped_images\dataset_1\img_138.jpg,mange,0.24447300078977033
dataset_1,..\PawlensAI\scraped_images\dataset_1\img_1380.jpg,mange,0.5905951082944416
dataset_1,..\PawlensAI\scraped_images\dataset_1\img_1381.jpg,mange,0.41945962430380035
dataset_1,..\PawlensAI\scraped_images\dataset_1\img_1382.jpg,fungal,0.6842805991898837
dataset_1,..\PawlensAI\scraped_images\dataset_1\img_1383.jpg,mange,0.3388931796019811
dataset_1,..\PawlensAI\scraped_images\dataset_1\img_1384.jpg,fungal,0.2855055352022401
dataset_1,..\PawlensAI\scraped_images\dataset_1\img_1385.jpg,fungal,0.8939905888882327
dataset_1,..\PawlensAI\scraped_images\dataset_1\img_1386.jpg,fungal,0.2084151895880086
dataset_1,..\PawlensAI\scraped_images\dataset_1\img_1387.jpg,fungal,0.42302850308480333
dataset_1,..\PawlensAI\scraped_images\dataset_1\img_1388.jpg,other,0.5280963683408706
dataset_1,..\PawlensAI\scraped_images\dataset_1\img_1389.jpg,allergy,0.22159764055044207
dataset_1,..\PawlensAI\scraped_images\dataset_1\img_139.jpg,mange,0.62173877949593
dataset_1,..\PawlensAI\scraped_images\dataset_1\img_1390.jpg,mange,0.43958794517960653
dataset_1,..\PawlensAI\scraped_images\dataset_1\img_1391.jpg,mange,0.38857925136909327
dataset_1,..\PawlensAI\scraped_images\dataset_1\img_1392.jpg,mange,0.3576997214688071
dataset_1,..\PawlensAI\scraped_images\dataset_1\img_1393.jpg,fungal,0.5079318330224426
dataset_1,..\PawlensAI\scraped_images\dataset_1\img_1394.jpg,fungal,0.8643327627501646
dataset_1,..\PawlensAI\scraped_images\dataset_1\img_1395.jpg,allergy,0.3173873584737226
dataset_1,..\PawlensAI\scraped_images\dataset_1\img_1396.jpg,fungal,0.5347947562478512
dataset_1,..\PawlensAI\scraped_images\dataset_1\img_1397.jpg,fungal,0.5488435714493742
dataset_1,..\PawlensAI\scraped_images\dataset_1\img_1398.jpg,mange,0.5391717338504617
dataset_1,..\PawlensAI\scraped_images\dataset_1\img_1399.jpg,fungal,0.5735748087897028
dataset_1,..\PawlensAI\scraped_images\dataset_1\img_14.jpg,fungal,0.507423874693934
dataset_1,..\PawlensAI\scraped_images\dataset_1\img_140.jpg,mange,0.6676019863385455
dataset_1,..\PawlensAI\scraped_images\dataset_1\img_1400.jpg,mange,0.7574954019728742
dataset_1,..\PawlensAI\scraped_images\dataset_1\img_1401.jpg,fungal,0.4242078050359016
dataset_1,..\PawlensAI\scraped_images\dataset_1\img_1402.jpg,fungal,0.5901473331110241
dataset_1,..\PawlensAI\scraped_images\dataset_1\img_1403.jpg,fungal,0.7613980809267412
dataset_1,..\PawlensAI\scraped_images\dataset_1\img_1404.jpg,fungal,0.5750468696546547
dataset_1,..\PawlensAI\scraped_images\dataset_1\img_1405.jpg,mange,0.36760600126476395
dataset_1,..\PawlensAI\scraped_images\dataset_1\img_1406.jpg,mange,0.487312358449294
dataset_1,..\PawlensAI\scraped_images\dataset_1\img_1407.jpg,fungal,0.2738842211996251
dataset_1,..\PawlensAI\scraped_images\dataset_1\img_1408.jpg,wound,0.5170111936338125
dataset_1,..\PawlensAI\scraped_images\dataset_1\img_1409.jpg,bacterial,0.34302791752861667
dataset_1,..\PawlensAI\scraped_images\dataset_1\img_141.jpg,bacterial,0.4383185051433255
dataset_1,..\PawlensAI\scraped_images\dataset_1\img_1410.jpg,mange,0.32910167713094846
dataset_1,..\PawlensAI\scraped_images\dataset_1\img_1411.jpg,normal,0.4753360148214311
dataset_1,..\PawlensAI\scraped_images\dataset_1\img_1412.jpg,fungal,0.5793214325454521
dataset_1,..\PawlensAI\scraped_images\dataset_1\img_1413.jpg,fungal,0.9041928611073419
dataset_1,..\PawlensAI\scraped_images\dataset_1\img_1414.jpg,fungal,0.4611932790335458
dataset_1,..\PawlensAI\scraped_images\dataset_1\img_1415.jpg,bacterial,0.37902034878693225
dataset_1,..\PawlensAI\scraped_images\dataset_1\img_1416.jpg,fungal,0.7848994563414718
dataset_1,..\PawlensAI\scraped_images\dataset_1\img_1417.jpg,fungal,0.4300332862419048
dataset_1,..\PawlensAI\scraped_images\dataset_1\img_1418.jpg,allergy,0.3707234511502683
dataset_1,..\PawlensAI\scraped_images\dataset_1\img_1419.jpg,fungal,0.4399884364219454
dataset_1,..\PawlensAI\scraped_images\dataset_1\img_142.jpg,mange,0.6040586368015963
dataset_1,..\PawlensAI\scraped_images\dataset_1\img_1420.jpg,fungal,0.47939793362364025
dataset_1,..\PawlensAI\scraped_images\dataset_1\img_1421.jpg,fungal,0.4394625833055663
dataset_1,..\PawlensAI\scraped_images\dataset_1\img_1422.jpg,mange,0.30589677514514074
dataset_1,..\PawlensAI\scraped_images\dataset_1\img_1423.jpg,allergy,0.32461860803571674
dataset_1,..\PawlensAI\scraped_images\dataset_1\img_1424.jpg,mange,0.4654523478110039
dataset_1,..\PawlensAI\scraped_images\dataset_1\img_1425.jpg,fungal,0.9381003363515954
dataset_1,..\PawlensAI\scraped_images\dataset_1\img_1429.jpg,mange,0.5514899395239891
dataset_1,..\PawlensAI\scraped_images\dataset_1\img_143.jpg,fungal,0.3240534864757068
dataset_1,..\PawlensAI\scraped_images\dataset_1\img_1430.jpg,allergy,0.4157855444333822
dataset_1,..\PawlensAI\scraped_images\dataset_1\img_1431.jpg,fungal,0.4986212963630197
dataset_1,..\PawlensAI\scraped_images\dataset_1\img_1432.jpg,fungal,0.38155141588548863
dataset_1,..\PawlensAI\scraped_images\dataset_1\img_1433.jpg,fungal,0.6551032793626518
dataset_1,..\PawlensAI\scraped_images\dataset_1\img_1434.jpg,wound,0.47245944248408284
dataset_1,..\PawlensAI\scraped_images\dataset_1\img_1435.jpg,fungal,0.45563176810280914
dataset_1,..\PawlensAI\scraped_images\dataset_1\img_1436.jpg,fungal,0.6169736240095053
dataset_1,..\PawlensAI\scraped_images\dataset_1\img_1437.jpg,fungal,0.35003200960539727
dataset_1,..\PawlensAI\scraped_images\dataset_1\img_1438.jpg,fungal,0.7259358298517502
dataset_1,..\PawlensAI\scraped_images\dataset_1\img_1439.jpg,bacterial,0.2894978630613534
dataset_1,..\PawlensAI\scraped_images\dataset_1\img_144.jpg,fungal,0.2556800623106953
dataset_1,..\PawlensAI\scraped_images\dataset_1\img_1440.jpg,mange,0.48702482851721196
dataset_1,..\PawlensAI\scraped_images\dataset_1\img_1441.jpg,bacterial,0.3096367283702164
dataset_1,..\PawlensAI\scraped_images\dataset_1\img_1442.jpg,fungal,0.4813444096036014
dataset_1,..\PawlensAI\scraped_images\dataset_1\img_1443.jpg,mange,0.5328490073600115
dataset_1,..\PawlensAI\scraped_images\dataset_1\img_1444.jpg,wound,0.29248924296900325
dataset_1,..\PawlensAI\scraped_images\dataset_1\img_1445.jpg,fungal,0.29125055764800556
dataset_1,..\PawlensAI\scraped_images\dataset_1\img_1446.jpg,fungal,0.3299266853091161
dataset_1,..\PawlensAI\scraped_images\dataset_1\img_1447.jpg,fungal,0.2926447231993211
dataset_1,..\PawlensAI\scraped_images\dataset_1\img_1448.jpg,fungal,0.6288559991602404
dataset_1,..\PawlensAI\scraped_images\dataset_1\img_1449.jpg,fungal,0.2147147453378836
dataset_1,..\PawlensAI\scraped_images\dataset_1\img_145.jpg,normal,0.6430447944088468
dataset_1,..\PawlensAI\scraped_images\dataset_1\img_1450.jpg,fungal,0.6874624255127071
dataset_1,..\PawlensAI\scraped_images\dataset_1\img_1451.jpg,normal,0.5465063702801759
dataset_1,..\PawlensAI\scraped_images\dataset_1\img_1452.jpg,bacterial,0.3469373791345892
dataset_1,..\PawlensAI\scraped_images\dataset_1\img_1453.jpg,other,0.37888736949167734
dataset_1,..\PawlensAI\scraped_images\dataset_1\img_1454.jpg,mange,0.3035673724622434
dataset_1,..\PawlensAI\scraped_images\dataset_1\img_1455.jpg,bacterial,0.270661232005402
dataset_1,..\PawlensAI\scraped_images\dataset_1\img_1456.jpg,normal,0.38235515283500904
dataset_1,..\PawlensAI\scraped_images\dataset_1\img_1457.jpg,mange,0.4527471233898849
dataset_1,..\PawlensAI\scraped_images\dataset_1\img_1458.jpg,wound,0.41134415951885367
dataset_1,..\PawlensAI\scraped_images\dataset_1\img_1459.jpg,mange,0.3129671885465066
dataset_1,..\PawlensAI\scraped_images\dataset_1\img_146.jpg,normal,0.49595525290685
dataset_1,..\PawlensAI\scraped_images\dataset_1\img_1460.jpg,fungal,0.4374584682490908
dataset_1,..\PawlensAI\scraped_images\dataset_1\img_1461.jpg,bacterial,0.35534012475303633
dataset_1,..\PawlensAI\scraped_images\dataset_1\img_1462.jpg,mange,0.24731138284615026
dataset_1,..\PawlensAI\scraped_images\dataset_1\img_1463.jpg,mange,0.3759041208992461
dataset_1,..\PawlensAI\scraped_images\dataset_1\img_1464.jpg,fungal,0.5252358906172027
dataset_1,..\PawlensAI\scraped_images\dataset_1\img_1465.jpg,fungal,0.8559004975083032
dataset_1,..\PawlensAI\scraped_images\dataset_1\img_1466.jpg,mange,0.604663433404386
dataset_1,..\PawlensAI\scraped_images\dataset_1\img_1467.jpg,fungal,0.4473234340601276
dataset_1,..\PawlensAI\scraped_images\dataset_1\img_1468.jpg,allergy,0.4411674082566049
dataset_1,..\PawlensAI\scraped_images\dataset_1\img_1469.jpg,fungal,0.3898355594476486
dataset_1,..\PawlensAI\scraped_images\dataset_1\img_147.jpg,fungal,0.3980127330648027
dataset_1,..\PawlensAI\scraped_images\dataset_1\img_1470.jpg,mange,0.5045331370850452
dataset_1,..\PawlensAI\scraped_images\dataset_1\img_1471.jpg,other,0.3925536800956512
dataset_1,..\PawlensAI\scraped_images\dataset_1\img_1472.jpg,other,0.39854443564867637
dataset_1,..\PawlensAI\scraped_images\dataset_1\img_1473.jpg,fungal,0.8895009432656281
dataset_1,..\PawlensAI\scraped_images\dataset_1\img_1474.jpg,mange,0.7034081446518232
dataset_1,..\PawlensAI\scraped_images\dataset_1\img_1475.jpg,bacterial,0.33698312201446656
dataset_1,..\PawlensAI\scraped_images\dataset_1\img_1476.jpg,mange,0.3879697361514475
dataset_1,..\PawlensAI\scraped_images\dataset_1\img_1477.jpg,fungal,0.6902731500497474
dataset_1,..\PawlensAI\scraped_images\dataset_1\img_1478.jpg,fungal,0.37387548863962855
dataset_1,..\PawlensAI\scraped_images\dataset_1\img_148.jpg,mange,0.6102480401636194
dataset_1,..\PawlensAI\scraped_images\dataset_1\img_1482.jpg,mange,0.9408112362603017
dataset_1,..\PawlensAI\scraped_images\dataset_1\img_1483.jpg,fungal,0.34233350186289685
dataset_1,..\PawlensAI\scraped_images\dataset_1\img_1484.jpg,fungal,0.826951165141698
dataset_1,..\PawlensAI\scraped_images\dataset_1\img_1485.jpg,fungal,0.3230569880567353
dataset_1,..\PawlensAI\scraped_images\dataset_1\img_1486.jpg,mange,0.4562932800525188
dataset_1,..\PawlensAI\scraped_images\dataset_1\img_1487.jpg,normal,0.4785418579736044
dataset_1,..\PawlensAI\scraped_images\dataset_1\img_1488.jpg,mange,0.9711924814813401
dataset_1,..\PawlensAI\scraped_images\dataset_1\img_1489.jpg,fungal,0.37920452628657053
dataset_1,..\PawlensAI\scraped_images\dataset_1\img_149.jpg,mange,0.28504035872511874
dataset_1,..\PawlensAI\scraped_images\dataset_1\img_1490.jpg,other,0.3266273570993659
dataset_1,..\PawlensAI\scraped_images\dataset_1\img_1491.jpg,wound,0.20342171520784932
dataset_1,..\PawlensAI\scraped_images\dataset_1\img_1492.jpg,mange,0.8533026957012219
dataset_1,..\PawlensAI\scraped_images\dataset_1\img_1493.jpg,bacterial,0.28135969023388074
dataset_1,..\PawlensAI\scraped_images\dataset_1\img_1494.jpg,mange,0.38881770095510826
dataset_1,..\PawlensAI\scraped_images\dataset_1\img_1495.jpg,normal,0.48442083675641967
dataset_1,..\PawlensAI\scraped_images\dataset_1\img_1496.jpg,mange,0.721722418632048
dataset_1,..\PawlensAI\scraped_images\dataset_1\img_1497.jpg,normal,0.4079849831529049
dataset_1,..\PawlensAI\scraped_images\dataset_1\img_1498.jpg,allergy,0.40681102051148477
dataset_1,..\PawlensAI\scraped_images\dataset_1\img_1499.jpg,normal,0.5508472712588869
dataset_1,..\PawlensAI\scraped_images\dataset_1\img_15.jpg,normal,0.546159546868565
dataset_1,..\PawlensAI\scraped_images\dataset_1\img_150.jpg,bacterial,0.43487171189645135
dataset_1,..\PawlensAI\scraped_images\dataset_1\img_1500.jpg,mange,0.8906924710062223
dataset_1,..\PawlensAI\scraped_images\dataset_1\img_1501.jpg,mange,0.775979345993447
dataset_1,..\PawlensAI\scraped_images\dataset_1\img_1502.jpg,mange,0.2676558577280727
dataset_1,..\PawlensAI\scraped_images\dataset_1\img_1503.jpg,normal,0.3834116676173604
dataset_1,..\PawlensAI\scraped_images\dataset_1\img_1504.jpg,mange,0.318818697050134
dataset_1,..\PawlensAI\scraped_images\dataset_1\img_1505.jpg,normal,0.8448785335511556
dataset_1,..\PawlensAI\scraped_images\dataset_1\img_1506.jpg,mange,0.7414899189389286
dataset_1,..\PawlensAI\scraped_images\dataset_1\img_1507.jpg,bacterial,0.4796599251971308
dataset_1,..\PawlensAI\scraped_images\dataset_1\img_1508.jpg,wound,0.3669454828610113
dataset_1,..\PawlensAI\scraped_images\dataset_1\img_1509.jpg,other,0.7151999664237714
dataset_1,..\PawlensAI\scraped_images\dataset_1\img_151.jpg,fungal,0.5841216755715657
dataset_1,..\PawlensAI\scraped_images\dataset_1\img_1510.jpg,bacterial,0.4890348829947856
dataset_1,..\PawlensAI\scraped_images\dataset_1\img_1511.jpg,mange,0.28211359923911233
dataset_1,..\PawlensAI\scraped_images\dataset_1\img_1512.jpg,other,0.39041774066792373
dataset_1,..\PawlensAI\scraped_images\dataset_1\img_1513.jpg,fungal,0.8817125062113542
dataset_1,..\PawlensAI\scraped_images\dataset_1\img_1514.jpg,fungal,0.5646997580141938
dataset_1,..\PawlensAI\scraped_images\dataset_1\img_1515.jpg,fungal,0.32108326145399224
dataset_1,..\PawlensAI\scraped_images\dataset_1\img_1516.jpg,bacterial,0.2718705261717477
dataset_1,..\PawlensAI\scraped_images\dataset_1\img_1517.jpg,fungal,0.7304103137988546
dataset_1,..\PawlensAI\scraped_images\dataset_1\img_1518.jpg,bacterial,0.514788844002955
dataset_1,..\PawlensAI\scraped_images\dataset_1\img_1519.jpg,fungal,0.4675308452804583
dataset_1,..\PawlensAI\scraped_images\dataset_1\img_152.jpg,mange,0.30933772727502507
dataset_1,..\PawlensAI\scraped_images\dataset_1\img_1520.jpg,bacterial,0.3138744006289378
dataset_1,..\PawlensAI\scraped_images\dataset_1\img_1521.jpg,allergy,0.37900617778261464
dataset_1,..\PawlensAI\scraped_images\dataset_1\img_1522.jpg,bacterial,0.47933592769675604
dataset_1,..\PawlensAI\scraped_images\dataset_1\img_1523.jpg,wound,0.4465245911033069
dataset_1,..\PawlensAI\scraped_images\dataset_1\img_1524.jpg,mange,0.389631928386199
dataset_1,..\PawlensAI\scraped_images\dataset_1\img_1525.jpg,fungal,0.38111801238525195
dataset_1,..\PawlensAI\scraped_images\dataset_1\img_1526.jpg,mange,0.7954535329782744
dataset_1,..\PawlensAI\scraped_images\dataset_1\img_1527.jpg,fungal,0.3732601859383315
dataset_1,..\PawlensAI\scraped_images\dataset_1\img_1528.jpg,fungal,0.26151557967746814
dataset_1,..\PawlensAI\scraped_images\dataset_1\img_1529.jpg,fungal,0.9230934978221781
dataset_1,..\PawlensAI\scraped_images\dataset_1\img_153.jpg,allergy,0.29808126390998624
dataset_1,..\PawlensAI\scraped_images\dataset_1\img_1530.jpg,fungal,0.5724983596782477
dataset_1,..\PawlensAI\scraped_images\dataset_1\img_1531.jpg,fungal,0.43913695215470183
dataset_1,..\PawlensAI\scraped_images\dataset_1\img_154.jpg,other,0.7726852200451038
dataset_1,..\PawlensAI\scraped_images\dataset_1\img_1541.jpg,fungal,0.8910989265531523
dataset_1,..\PawlensAI\scraped_images\dataset_1\img_1542.jpg,fungal,0.4059309593459814
dataset_1,..\PawlensAI\scraped_images\dataset_1\img_1543.jpg,mange,0.3174843758345624
dataset_1,..\PawlensAI\scraped_images\dataset_1\img_1544.jpg,fungal,0.8745297652136483
dataset_1,..\PawlensAI\scraped_images\dataset_1\img_1545.jpg,fungal,0.7532731256493793
dataset_1,..\PawlensAI\scraped_images\dataset_1\img_1546.jpg,normal,0.37861577692417236
dataset_1,..\PawlensAI\scraped_images\dataset_1\img_1547.jpg,fungal,0.7507291881383272
dataset_1,..\PawlensAI\scraped_images\dataset_1\img_1548.jpg,fungal,0.48880706130391904
dataset_1,..\PawlensAI\scraped_images\dataset_1\img_1549.jpg,wound,0.33112822218751203
dataset_1,..\PawlensAI\scraped_images\dataset_1\img_155.jpg,mange,0.7493278621483104
dataset_1,..\PawlensAI\scraped_images\dataset_1\img_1550.jpg,fungal,0.2618777462461072
dataset_1,..\PawlensAI\scraped_images\dataset_1\img_1551.jpg,fungal,0.8840853343257341
dataset_1,..\PawlensAI\scraped_images\dataset_1\img_1552.jpg,fungal,0.45237881433833593
dataset_1,..\PawlensAI\scraped_images\dataset_1\img_1553.jpg,fungal,0.3284328743681536
dataset_1,..\PawlensAI\scraped_images\dataset_1\img_1554.jpg,fungal,0.6926256363441908
dataset_1,..\PawlensAI\scraped_images\dataset_1\img_1555.jpg,mange,0.4965114685582952
dataset_1,..\PawlensAI\scraped_images\dataset_1\img_1556.jpg,fungal,0.3763057731339306
dataset_1,..\PawlensAI\scraped_images\dataset_1\img_1557.jpg,fungal,0.316878756356131
dataset_1,..\PawlensAI\scraped_images\dataset_1\img_1558.jpg,fungal,0.6409245133314381
dataset_1,..\PawlensAI\scraped_images\dataset_1\img_1559.jpg,bacterial,0.4421946893866851
dataset_1,..\PawlensAI\scraped_images\dataset_1\img_156.jpg,mange,0.28203252764575365
dataset_1,..\PawlensAI\scraped_images\dataset_1\img_1560.jpg,mange,0.48991806906058133
dataset_1,..\PawlensAI\scraped_images\dataset_1\img_1561.jpg,bacterial,0.32900142647999325
dataset_1,..\PawlensAI\scraped_images\dataset_1\img_1562.jpg,wound,0.36104450092736157
dataset_1,..\PawlensAI\scraped_images\dataset_1\img_1563.jpg,fungal,0.8152145757647565
dataset_1,..\PawlensAI\scraped_images\dataset_1\img_1564.jpg,fungal,0.43002555186336233
dataset_1,..\PawlensAI\scraped_images\dataset_1\img_1565.jpg,fungal,0.5640442661375513
dataset_1,..\PawlensAI\scraped_images\dataset_1\img_1566.jpg,fungal,0.6568219073062534
dataset_1,..\PawlensAI\scraped_images\dataset_1\img_1567.jpg,fungal,0.5765121321262537
dataset_1,..\PawlensAI\scraped_images\dataset_1\img_1568.jpg,fungal,0.360611585466683
dataset_1,..\PawlensAI\scraped_images\dataset_1\img_1569.jpg,bacterial,0.3093220999551139
dataset_1,..\PawlensAI\scraped_images\dataset_1\img_157.jpg,bacterial,0.6050722667340191
dataset_1,..\PawlensAI\scraped_images\dataset_1\img_1570.jpg,fungal,0.6963234471567802
dataset_1,..\PawlensAI\scraped_images\dataset_1\img_1571.jpg,fungal,0.49285915124983076
dataset_1,..\PawlensAI\scraped_images\dataset_1\img_1572.jpg,fungal,0.41369041431118597
dataset_1,..\PawlensAI\scraped_images\dataset_1\img_1573.jpg,allergy,0.42029524537692314
dataset_1,..\PawlensAI\scraped_images\dataset_1\img_1574.jpg,fungal,0.25574236682144474
dataset_1,..\PawlensAI\scraped_images\dataset_1\img_1575.jpg,wound,0.20569607415354313
dataset_1,..\PawlensAI\scraped_images\dataset_1\img_1576.jpg,fungal,0.6655386666275753
dataset_1,..\PawlensAI\scraped_images\dataset_1\img_1577.jpg,fungal,0.4593357088476
dataset_1,..\PawlensAI\scraped_images\dataset_1\img_1578.jpg,fungal,0.4210135815665126
dataset_1,..\PawlensAI\scraped_images\dataset_1\img_1579.jpg,mange,0.27189279879598965
dataset_1,..\PawlensAI\scraped_images\dataset_1\img_158.jpg,mange,0.4483796252117225
dataset_1,..\PawlensAI\scraped_images\dataset_1\img_1580.jpg,fungal,0.5112703546120027
dataset_1,..\PawlensAI\scraped_images\dataset_1\img_1581.jpg,fungal,0.36943867757725496
dataset_1,..\PawlensAI\scraped_images\dataset_1\img_1582.jpg,fungal,0.29100355607749157
dataset_1,..\PawlensAI\scraped_images\dataset_1\img_1583.jpg,mange,0.5607796956142626
dataset_1,..\PawlensAI\scraped_images\dataset_1\img_1584.jpg,bacterial,0.3892662068012845
dataset_1,..\PawlensAI\scraped_images\dataset_1\img_1585.jpg,fungal,0.6238404254607135
dataset_1,..\PawlensAI\scraped_images\dataset_1\img_1586.jpg,wound,0.40525991241568937
dataset_1,..\PawlensAI\scraped_images\dataset_1\img_1587.jpg,fungal,0.45344503009177917
dataset_1,..\PawlensAI\scraped_images\dataset_1\img_1588.jpg,fungal,0.5120052581560731
dataset_1,..\PawlensAI\scraped_images\dataset_1\img_1589.jpg,fungal,0.7298919140441702
dataset_1,..\PawlensAI\scraped_images\dataset_1\img_159.jpg,mange,0.9103804554362109
dataset_1,..\PawlensAI\scraped_images\dataset_1\img_1590.jpg,bacterial,0.2598455636102246
dataset_1,..\PawlensAI\scraped_images\dataset_1\img_1594.jpg,wound,0.48167660804243806
dataset_1,..\PawlensAI\scraped_images\dataset_1\img_1595.jpg,fungal,0.6094315049288994
dataset_1,..\PawlensAI\scraped_images\dataset_1\img_1596.jpg,fungal,0.9454371938446984
dataset_1,..\PawlensAI\scraped_images\dataset_1\img_1597.jpg,fungal,0.6942912874486704
dataset_1,..\PawlensAI\scraped_images\dataset_1\img_1598.jpg,fungal,0.824328008985207
dataset_1,..\PawlensAI\scraped_images\dataset_1\img_1599.jpg,fungal,0.6946899487315313
dataset_1,..\PawlensAI\scraped_images\dataset_1\img_16.jpg,fungal,0.640115374888723
dataset_1,..\PawlensAI\scraped_images\dataset_1\img_160.jpg,mange,0.632394647615007
dataset_1,..\PawlensAI\scraped_images\dataset_1\img_1600.jpg,fungal,0.7975173991050016
dataset_1,..\PawlensAI\scraped_images\dataset_1\img_1601.jpg,fungal,0.37514117205762854
dataset_1,..\PawlensAI\scraped_images\dataset_1\img_1602.jpg,fungal,0.55564754833892
dataset_1,..\PawlensAI\scraped_images\dataset_1\img_1603.jpg,fungal,0.768827848678166
dataset_1,..\PawlensAI\scraped_images\dataset_1\img_1604.jpg,mange,0.4258451304170145
dataset_1,..\PawlensAI\scraped_images\dataset_1\img_1605.jpg,fungal,0.5789201836823719
dataset_1,..\PawlensAI\scraped_images\dataset_1\img_1606.jpg,fungal,0.6714034799029333
dataset_1,..\PawlensAI\scraped_images\dataset_1\img_1607.jpg,fungal,0.7294308463578659
dataset_1,..\PawlensAI\scraped_images\dataset_1\img_1608.jpg,fungal,0.4120922026446942
dataset_1,..\PawlensAI\scraped_images\dataset_1\img_1609.jpg,fungal,0.3568465004791527
dataset_1,..\PawlensAI\scraped_images\dataset_1\img_161.jpg,fungal,0.47859387422776556
dataset_1,..\PawlensAI\scraped_images\dataset_1\img_1610.jpg,wound,0.42781731338124107
dataset_1,..\PawlensAI\scraped_images\dataset_1\img_1611.jpg,wound,0.3139841431777898
dataset_1,..\PawlensAI\scraped_images\dataset_1\img_1612.jpg,fungal,0.8137682343076659
dataset_1,..\PawlensAI\scraped_images\dataset_1\img_1613.jpg,fungal,0.7015755470550672
dataset_1,..\PawlensAI\scraped_images\dataset_1\img_1614.jpg,fungal,0.7294871531366189
dataset_1,..\PawlensAI\scraped_images\dataset_1\img_1615.jpg,fungal,0.4255570030020486
dataset_1,..\PawlensAI\scraped_images\dataset_1\img_1616.jpg,fungal,0.2544056779847633
dataset_1,..\PawlensAI\scraped_images\dataset_1\img_1617.jpg,fungal,0.8892575042593012
dataset_1,..\PawlensAI\scraped_images\dataset_1\img_1618.jpg,fungal,0.7086103485376326
dataset_1,..\PawlensAI\scraped_images\dataset_1\img_1619.jpg,allergy,0.35215685004166414
dataset_1,..\PawlensAI\scraped_images\dataset_1\img_162.jpg,mange,0.4167678017255226
dataset_1,..\PawlensAI\scraped_images\dataset_1\img_1620.jpg,normal,0.26548940638920404
dataset_1,..\PawlensAI\scraped_images\dataset_1\img_1621.jpg,mange,0.3431511036254067
dataset_1,..\PawlensAI\scraped_images\dataset_1\img_1622.jpg,fungal,0.49382068639876947
dataset_1,..\PawlensAI\scraped_images\dataset_1\img_1623.jpg,fungal,0.8453876052305435
dataset_1,..\PawlensAI\scraped_images\dataset_1\img_1624.jpg,wound,0.26601151122355826
dataset_1,..\PawlensAI\scraped_images\dataset_1\img_1625.jpg,fungal,0.4895584643347934
dataset_1,..\PawlensAI\scraped_images\dataset_1\img_1626.jpg,fungal,0.3865575930926501
dataset_1,..\PawlensAI\scraped_images\dataset_1\img_1627.jpg,mange,0.3106558174265093
dataset_1,..\PawlensAI\scraped_images\dataset_1\img_1628.jpg,fungal,0.4657949359905391
dataset_1,..\PawlensAI\scraped_images\dataset_1\img_1629.jpg,fungal,0.4387325786163592
dataset_1,..\PawlensAI\scraped_images\dataset_1\img_163.jpg,fungal,0.35395658481582615
dataset_1,..\PawlensAI\scraped_images\dataset_1\img_1630.jpg,fungal,0.6497974059845892
dataset_1,..\PawlensAI\scraped_images\dataset_1\img_1631.jpg,fungal,0.8136391399773454
dataset_1,..\PawlensAI\scraped_images\dataset_1\img_1632.jpg,fungal,0.6221636924822057
dataset_1,..\PawlensAI\scraped_images\dataset_1\img_1633.jpg,fungal,0.2650734951536468
dataset_1,..\PawlensAI\scraped_images\dataset_1\img_1634.jpg,bacterial,0.2686186032710586
dataset_1,..\PawlensAI\scraped_images\dataset_1\img_1635.jpg,fungal,0.45161396922608205
dataset_1,..\PawlensAI\scraped_images\dataset_1\img_1636.jpg,fungal,0.7510766665223534
dataset_1,..\PawlensAI\scraped_images\dataset_1\img_1637.jpg,fungal,0.4665970256170385
dataset_1,..\PawlensAI\scraped_images\dataset_1\img_1638.jpg,fungal,0.31466259716740635
dataset_1,..\PawlensAI\scraped_images\dataset_1\img_1639.jpg,wound,0.4082239860050946
dataset_1,..\PawlensAI\scraped_images\dataset_1\img_164.jpg,mange,0.41715511206157696
dataset_1,..\PawlensAI\scraped_images\dataset_1\img_1640.jpg,mange,0.7103231666872102
dataset_1,..\PawlensAI\scraped_images\dataset_1\img_1641.jpg,fungal,0.7996739176469678
dataset_1,..\PawlensAI\scraped_images\dataset_1\img_1642.jpg,fungal,0.5204835430418205
dataset_1,..\PawlensAI\scraped_images\dataset_1\img_1643.jpg,fungal,0.5364971420397356
dataset_1,..\PawlensAI\scraped_images\dataset_1\img_1647.jpg,bacterial,0.45486456968138494
dataset_1,..\PawlensAI\scraped_images\dataset_1\img_1648.jpg,fungal,0.4974543730747326
dataset_1,..\PawlensAI\scraped_images\dataset_1\img_1649.jpg,fungal,0.8273111074627079
dataset_1,..\PawlensAI\scraped_images\dataset_1\img_1650.jpg,fungal,0.8236333464734319
dataset_1,..\PawlensAI\scraped_images\dataset_1\img_1651.jpg,fungal,0.5487942719085482
dataset_1,..\PawlensAI\scraped_images\dataset_1\img_1652.jpg,fungal,0.8746766206300797
dataset_1,..\PawlensAI\scraped_images\dataset_1\img_1653.jpg,fungal,0.3558585145523043
dataset_1,..\PawlensAI\scraped_images\dataset_1\img_1654.jpg,fungal,0.3156836793018798
dataset_1,..\PawlensAI\scraped_images\dataset_1\img_1655.jpg,fungal,0.4668975012906759
dataset_1,..\PawlensAI\scraped_images\dataset_1\img_1656.jpg,fungal,0.3998771035144385
dataset_1,..\PawlensAI\scraped_images\dataset_1\img_1657.jpg,bacterial,0.37596581666190654
dataset_1,..\PawlensAI\scraped_images\dataset_1\img_1658.jpg,fungal,0.7563295031864613
dataset_1,..\PawlensAI\scraped_images\dataset_1\img_1659.jpg,fungal,0.39010053819113144
dataset_1,..\PawlensAI\scraped_images\dataset_1\img_1660.jpg,fungal,0.3961483868033612
dataset_1,..\PawlensAI\scraped_images\dataset_1\img_1661.jpg,fungal,0.5040671805191278
dataset_1,..\PawlensAI\scraped_images\dataset_1\img_1662.jpg,fungal,0.5767399993820622
dataset_1,..\PawlensAI\scraped_images\dataset_1\img_1663.jpg,fungal,0.7995650956452913
dataset_1,..\PawlensAI\scraped_images\dataset_1\img_1664.jpg,fungal,0.6273218483804867
dataset_1,..\PawlensAI\scraped_images\dataset_1\img_1665.jpg,fungal,0.5828113530366468
dataset_1,..\PawlensAI\scraped_images\dataset_1\img_1666.jpg,fungal,0.711090590237007
dataset_1,..\PawlensAI\scraped_images\dataset_1\img_1667.jpg,bacterial,0.5143554323235086
dataset_1,..\PawlensAI\scraped_images\dataset_1\img_1668.jpg,fungal,0.5419917512828929
dataset_1,..\PawlensAI\scraped_images\dataset_1\img_1669.jpg,allergy,0.3131940934644761
dataset_1,..\PawlensAI\scraped_images\dataset_1\img_1670.jpg,wound,0.5947870414901322
dataset_1,..\PawlensAI\scraped_images\dataset_1\img_1671.jpg,fungal,0.9254206222938508
dataset_1,..\PawlensAI\scraped_images\dataset_1\img_1672.jpg,fungal,0.4492985399348259
dataset_1,..\PawlensAI\scraped_images\dataset_1\img_1673.jpg,wound,0.41187786299477713
dataset_1,..\PawlensAI\scraped_images\dataset_1\img_1674.jpg,fungal,0.6111541935958995
dataset_1,..\PawlensAI\scraped_images\dataset_1\img_1675.jpg,fungal,0.40786867802733034
dataset_1,..\PawlensAI\scraped_images\dataset_1\img_1676.jpg,fungal,0.9020155966905599
dataset_1,..\PawlensAI\scraped_images\dataset_1\img_1677.jpg,fungal,0.50787031396657
dataset_1,..\PawlensAI\scraped_images\dataset_1\img_1678.jpg,fungal,0.8147828469947349
dataset_1,..\PawlensAI\scraped_images\dataset_1\img_1679.jpg,fungal,0.5558602610409399
dataset_1,..\PawlensAI\scraped_images\dataset_1\img_1680.jpg,mange,0.326246359656618
dataset_1,..\PawlensAI\scraped_images\dataset_1\img_1681.jpg,bacterial,0.3209360319275763
dataset_1,..\PawlensAI\scraped_images\dataset_1\img_1682.jpg,fungal,0.44967331420842693
dataset_1,..\PawlensAI\scraped_images\dataset_1\img_1683.jpg,fungal,0.3884730339251134
dataset_1,..\PawlensAI\scraped_images\dataset_1\img_1684.jpg,fungal,0.7731545358167929
dataset_1,..\PawlensAI\scraped_images\dataset_1\img_1685.jpg,fungal,0.6307009044705045
dataset_1,..\PawlensAI\scraped_images\dataset_1\img_1686.jpg,wound,0.5973863275669515
dataset_1,..\PawlensAI\scraped_images\dataset_1\img_1687.jpg,fungal,0.8865968110586393
dataset_1,..\PawlensAI\scraped_images\dataset_1\img_1688.jpg,fungal,0.9049065073116536
dataset_1,..\PawlensAI\scraped_images\dataset_1\img_1689.jpg,wound,0.26152105874505466
dataset_1,..\PawlensAI\scraped_images\dataset_1\img_1690.jpg,fungal,0.3703519470106404
dataset_1,..\PawlensAI\scraped_images\dataset_1\img_1691.jpg,mange,0.5195540182446678
dataset_1,..\PawlensAI\scraped_images\dataset_1\img_1692.jpg,fungal,0.7962123704855778
dataset_1,..\PawlensAI\scraped_images\dataset_1\img_1693.jpg,fungal,0.8564030997411712
dataset_1,..\PawlensAI\scraped_images\dataset_1\img_1694.jpg,fungal,0.3960208450244825
dataset_1,..\PawlensAI\scraped_images\dataset_1\img_1695.jpg,fungal,0.5129158008045287
dataset_1,..\PawlensAI\scraped_images\dataset_1\img_1696.jpg,fungal,0.4185417710334783
dataset_1,..\PawlensAI\scraped_images\dataset_1\img_17.jpg,fungal,0.8018294223566594
dataset_1,..\PawlensAI\scraped_images\dataset_1\img_1703.jpg,allergy,0.27278877768833076
dataset_1,..\PawlensAI\scraped_images\dataset_1\img_1704.jpg,fungal,0.780557795483614
dataset_1,..\PawlensAI\scraped_images\dataset_1\img_1705.jpg,fungal,0.7891532146583734
dataset_1,..\PawlensAI\scraped_images\dataset_1\img_1706.jpg,fungal,0.80354615529352
dataset_1,..\PawlensAI\scraped_images\dataset_1\img_1707.jpg,bacterial,0.4445638076476457
dataset_1,..\PawlensAI\scraped_images\dataset_1\img_1708.jpg,fungal,0.926044909832825
dataset_1,..\PawlensAI\scraped_images\dataset_1\img_1709.jpg,bacterial,0.43471473934011373
dataset_1,..\PawlensAI\scraped_images\dataset_1\img_171.jpg,mange,0.4128637989840927
dataset_1,..\PawlensAI\scraped_images\dataset_1\img_1710.jpg,fungal,0.8839276620612184
dataset_1,..\PawlensAI\scraped_images\dataset_1\img_1711.jpg,other,0.42069253049539573
dataset_1,..\PawlensAI\scraped_images\dataset_1\img_1712.jpg,fungal,0.5209031080388923
dataset_1,..\PawlensAI\scraped_images\dataset_1\img_1713.jpg,fungal,0.5465965486550184
dataset_1,..\PawlensAI\scraped_images\dataset_1\img_1714.jpg,mange,0.7929831824477902
dataset_1,..\PawlensAI\scraped_images\dataset_1\img_1715.jpg,mange,0.6302910416214027
dataset_1,..\PawlensAI\scraped_images\dataset_1\img_1716.jpg,fungal,0.504093145824434
dataset_1,..\PawlensAI\scraped_images\dataset_1\img_1717.jpg,fungal,0.698815995834292
dataset_1,..\PawlensAI\scraped_images\dataset_1\img_1718.jpg,fungal,0.6863111481714521
dataset_1,..\PawlensAI\scraped_images\dataset_1\img_1719.jpg,wound,0.4430331548894265
dataset_1,..\PawlensAI\scraped_images\dataset_1\img_172.jpg,fungal,0.30386678367539566
dataset_1,..\PawlensAI\scraped_images\dataset_1\img_1720.jpg,fungal,0.7699639267307621
dataset_1,..\PawlensAI\scraped_images\dataset_1\img_1721.jpg,fungal,0.7522815752331374
dataset_1,..\PawlensAI\scraped_images\dataset_1\img_1722.jpg,fungal,0.8068759510847086
dataset_1,..\PawlensAI\scraped_images\dataset_1\img_1723.jpg,fungal,0.7943597143376295
dataset_1,..\PawlensAI\scraped_images\dataset_1\img_1724.jpg,fungal,0.3628157825255386
dataset_1,..\PawlensAI\scraped_images\dataset_1\img_1725.jpg,fungal,0.9242436115989289
dataset_1,..\PawlensAI\scraped_images\dataset_1\img_1726.jpg,fungal,0.48610830984616765
dataset_1,..\PawlensAI\scraped_images\dataset_1\img_1727.jpg,fungal,0.3486315006314676
dataset_1,..\PawlensAI\scraped_images\dataset_1\img_1728.jpg,fungal,0.7123298256480276
dataset_1,..\PawlensAI\scraped_images\dataset_1\img_1729.jpg,bacterial,0.5103918070836199
dataset_1,..\PawlensAI\scraped_images\dataset_1\img_173.jpg,fungal,0.5602534858180825
dataset_1,..\PawlensAI\scraped_images\dataset_1\img_1730.jpg,wound,0.27130156758289453
dataset_1,..\PawlensAI\scraped_images\dataset_1\img_1731.jpg,fungal,0.9498116327174874
dataset_1,..\PawlensAI\scraped_images\dataset_1\img_1732.jpg,allergy,0.4744555594392172
dataset_1,..\PawlensAI\scraped_images\dataset_1\img_1733.jpg,fungal,0.38102351505149945
dataset_1,..\PawlensAI\scraped_images\dataset_1\img_1734.jpg,fungal,0.3916743151303415
dataset_1,..\PawlensAI\scraped_images\dataset_1\img_1735.jpg,bacterial,0.3093060061511849
dataset_1,..\PawlensAI\scraped_images\dataset_1\img_1736.jpg,fungal,0.8738247542739946
dataset_1,..\PawlensAI\scraped_images\dataset_1\img_1737.jpg,fungal,0.7694458878319601
dataset_1,..\PawlensAI\scraped_images\dataset_1\img_1738.jpg,fungal,0.7703874374438335
dataset_1,..\PawlensAI\scraped_images\dataset_1\img_1739.jpg,mange,0.3040749582295802
dataset_1,..\PawlensAI\scraped_images\dataset_1\img_174.jpg,fungal,0.45104994413194816
dataset_1,..\PawlensAI\scraped_images\dataset_1\img_1740.jpg,fungal,0.7615956102268052
dataset_1,..\PawlensAI\scraped_images\dataset_1\img_1741.jpg,fungal,0.36395865040456393
dataset_1,..\PawlensAI\scraped_images\dataset_1\img_1742.jpg,fungal,0.7888730753903345
dataset_1,..\PawlensAI\scraped_images\dataset_1\img_1743.jpg,fungal,0.6775311021128343
dataset_1,..\PawlensAI\scraped_images\dataset_1\img_1744.jpg,wound,0.5434156210930586
dataset_1,..\PawlensAI\scraped_images\dataset_1\img_1745.jpg,fungal,0.8942080950987927
dataset_1,..\PawlensAI\scraped_images\dataset_1\img_1746.jpg,fungal,0.3058026146525505
dataset_1,..\PawlensAI\scraped_images\dataset_1\img_1747.jpg,allergy,0.32233373739908816
dataset_1,..\PawlensAI\scraped_images\dataset_1\img_1748.jpg,fungal,0.440022838774994
dataset_1,..\PawlensAI\scraped_images\dataset_1\img_1749.jpg,fungal,0.8002788885874681
dataset_1,..\PawlensAI\scraped_images\dataset_1\img_175.jpg,fungal,0.8343047124969969
dataset_1,..\PawlensAI\scraped_images\dataset_1\img_1750.jpg,bacterial,0.35503074543319213
dataset_1,..\PawlensAI\scraped_images\dataset_1\img_1751.jpg,fungal,0.8076853785208395
dataset_1,..\PawlensAI\scraped_images\dataset_1\img_1752.jpg,fungal,0.8799484709941454
dataset_1,..\PawlensAI\scraped_images\dataset_1\img_1759.jpg,mange,0.259700430204235
dataset_1,..\PawlensAI\scraped_images\dataset_1\img_176.jpg,fungal,0.4727281684245467
dataset_1,..\PawlensAI\scraped_images\dataset_1\img_1760.jpg,fungal,0.5125996837236395
dataset_1,..\PawlensAI\scraped_images\dataset_1\img_1761.jpg,fungal,0.7692446141995262
dataset_1,..\PawlensAI\scraped_images\dataset_1\img_1762.jpg,fungal,0.55658981439448
dataset_1,..\PawlensAI\scraped_images\dataset_1\img_1763.jpg,fungal,0.8044684469043885
dataset_1,..\PawlensAI\scraped_images\dataset_1\img_1764.jpg,fungal,0.7395322667592124
dataset_1,..\PawlensAI\scraped_images\dataset_1\img_1765.jpg,bacterial,0.35301956040726645
dataset_1,..\PawlensAI\scraped_images\dataset_1\img_1766.jpg,wound,0.3824558471484795
dataset_1,..\PawlensAI\scraped_images\dataset_1\img_1767.jpg,fungal,0.33371465801860317
dataset_1,..\PawlensAI\scraped_images\dataset_1\img_1768.jpg,bacterial,0.24231960589870244
dataset_1,..\PawlensAI\scraped_images\dataset_1\img_1769.jpg,fungal,0.28353246158948564
dataset_1,..\PawlensAI\scraped_images\dataset_1\img_177.jpg,fungal,0.45701657391162287
dataset_1,..\PawlensAI\scraped_images\dataset_1\img_1770.jpg,fungal,0.466809960824812
dataset_1,..\PawlensAI\scraped_images\dataset_1\img_1771.jpg,fungal,0.8432916776984379
dataset_1,..\PawlensAI\scraped_images\dataset_1\img_1772.jpg,fungal,0.6494286763001678
dataset_1,..\PawlensAI\scraped_images\dataset_1\img_1773.jpg,fungal,0.8035549300673398
dataset_1,..\PawlensAI\scraped_images\dataset_1\img_1774.jpg,bacterial,0.6756590201477196
dataset_1,..\PawlensAI\scraped_images\dataset_1\img_1775.jpg,mange,0.7407717299473792
dataset_1,..\PawlensAI\scraped_images\dataset_1\img_1776.jpg,fungal,0.41327552182570215
dataset_1,..\PawlensAI\scraped_images\dataset_1\img_1777.jpg,fungal,0.46842053082683555
dataset_1,..\PawlensAI\scraped_images\dataset_1\img_1778.jpg,fungal,0.5733511196181508
dataset_1,..\PawlensAI\scraped_images\dataset_1\img_1779.jpg,mange,0.6188238324004475
dataset_1,..\PawlensAI\scraped_images\dataset_1\img_178.jpg,fungal,0.3970573944011785
dataset_1,..\PawlensAI\scraped_images\dataset_1\img_1780.jpg,fungal,0.4493613150576313
dataset_1,..\PawlensAI\scraped_images\dataset_1\img_1781.jpg,fungal,0.29174980078561175
dataset_1,..\PawlensAI\scraped_images\dataset_1\img_1782.jpg,fungal,0.5778874753497882
dataset_1,..\PawlensAI\scraped_images\dataset_1\img_1783.jpg,mange,0.42818140088830126
dataset_1,..\PawlensAI\scraped_images\dataset_1\img_1784.jpg,fungal,0.3152211800731217
dataset_1,..\PawlensAI\scraped_images\dataset_1\img_1785.jpg,fungal,0.3818718628703705
dataset_1,..\PawlensAI\scraped_images\dataset_1\img_1786.jpg,fungal,0.878826747511154
dataset_1,..\PawlensAI\scraped_images\dataset_1\img_1787.jpg,fungal,0.8859654571257556
dataset_1,..\PawlensAI\scraped_images\dataset_1\img_1788.jpg,wound,0.3684308776633674
dataset_1,..\PawlensAI\scraped_images\dataset_1\img_1789.jpg,fungal,0.7418811852439787
dataset_1,..\PawlensAI\scraped_images\dataset_1\img_179.jpg,allergy,0.5793367759241513
dataset_1,..\PawlensAI\scraped_images\dataset_1\img_1790.jpg,wound,0.5499545706834511
dataset_1,..\PawlensAI\scraped_images\dataset_1\img_1791.jpg,fungal,0.46604990001906516
dataset_1,..\PawlensAI\scraped_images\dataset_1\img_1792.jpg,fungal,0.9408201659662504
dataset_1,..\PawlensAI\scraped_images\dataset_1\img_1793.jpg,fungal,0.4968810422666097
dataset_1,..\PawlensAI\scraped_images\dataset_1\img_1794.jpg,fungal,0.31416324054295275
dataset_1,..\PawlensAI\scraped_images\dataset_1\img_1795.jpg,mange,0.42344285709259005
dataset_1,..\PawlensAI\scraped_images\dataset_1\img_1796.jpg,fungal,0.7652722588668607
dataset_1,..\PawlensAI\scraped_images\dataset_1\img_1797.jpg,allergy,0.28780216011080123
dataset_1,..\PawlensAI\scraped_images\dataset_1\img_1798.jpg,fungal,0.8141663389683722
dataset_1,..\PawlensAI\scraped_images\dataset_1\img_1799.jpg,fungal,0.5791771518978729
dataset_1,..\PawlensAI\scraped_images\dataset_1\img_18.jpg,normal,0.5670005229619149
dataset_1,..\PawlensAI\scraped_images\dataset_1\img_180.jpg,fungal,0.3249519108596365
dataset_1,..\PawlensAI\scraped_images\dataset_1\img_1800.jpg,fungal,0.7260492756204375
dataset_1,..\PawlensAI\scraped_images\dataset_1\img_1801.jpg,wound,0.3486931815989775
dataset_1,..\PawlensAI\scraped_images\dataset_1\img_1802.jpg,wound,0.3852916175168556
dataset_1,..\PawlensAI\scraped_images\dataset_1\img_1803.jpg,fungal,0.5377152665307223
dataset_1,..\PawlensAI\scraped_images\dataset_1\img_1804.jpg,fungal,0.751764074447086
dataset_1,..\PawlensAI\scraped_images\dataset_1\img_1805.jpg,bacterial,0.3055104112046486
dataset_1,..\PawlensAI\scraped_images\dataset_1\img_1806.jpg,wound,0.24212087868405685
dataset_1,..\PawlensAI\scraped_images\dataset_1\img_1807.jpg,fungal,0.7549208113725342
dataset_1,..\PawlensAI\scraped_images\dataset_1\img_1808.jpg,fungal,0.6944243569801094
dataset_1,..\PawlensAI\scraped_images\dataset_1\img_181.jpg,fungal,0.6949759103816504
dataset_1,..\PawlensAI\scraped_images\dataset_1\img_1815.jpg,fungal,0.3466691086318285
dataset_1,..\PawlensAI\scraped_images\dataset_1\img_1816.jpg,wound,0.286019735179434
dataset_1,..\PawlensAI\scraped_images\dataset_1\img_1817.jpg,allergy,0.41508187133754165
dataset_1,..\PawlensAI\scraped_images\dataset_1\img_1818.jpg,wound,0.29937760606553737
dataset_1,..\PawlensAI\scraped_images\dataset_1\img_1819.jpg,fungal,0.6544995184032241
dataset_1,..\PawlensAI\scraped_images\dataset_1\img_182.jpg,fungal,0.2852462632141907
dataset_1,..\PawlensAI\scraped_images\dataset_1\img_1820.jpg,mange,0.34826342322479037
dataset_1,..\PawlensAI\scraped_images\dataset_1\img_1821.jpg,fungal,0.8358022306845231
dataset_1,..\PawlensAI\scraped_images\dataset_1\img_1822.jpg,allergy,0.26325558931633286
dataset_1,..\PawlensAI\scraped_images\dataset_1\img_1823.jpg,fungal,0.6788003650794249
dataset_1,..\PawlensAI\scraped_images\dataset_1\img_1824.jpg,wound,0.3235833434089699
dataset_1,..\PawlensAI\scraped_images\dataset_1\img_1825.jpg,fungal,0.8981301769447884
dataset_1,..\PawlensAI\scraped_images\dataset_1\img_1826.jpg,fungal,0.9046980719098761
dataset_1,..\PawlensAI\scraped_images\dataset_1\img_1827.jpg,bacterial,0.43183804032226586
dataset_1,..\PawlensAI\scraped_images\dataset_1\img_1828.jpg,fungal,0.4507670220192507
dataset_1,..\PawlensAI\scraped_images\dataset_1\img_1829.jpg,fungal,0.3552534177412248
dataset_1,..\PawlensAI\scraped_images\dataset_1\img_183.jpg,fungal,0.8562015127683007
dataset_1,..\PawlensAI\scraped_images\dataset_1\img_1830.jpg,fungal,0.5429556110262379
dataset_1,..\PawlensAI\scraped_images\dataset_1\img_1831.jpg,fungal,0.9676856371340401
dataset_1,..\PawlensAI\scraped_images\dataset_1\img_1832.jpg,fungal,0.8572797047755453
dataset_1,..\PawlensAI\scraped_images\dataset_1\img_1833.jpg,mange,0.8375904911345214
dataset_1,..\PawlensAI\scraped_images\dataset_1\img_1834.jpg,fungal,0.5404823031502363
dataset_1,..\PawlensAI\scraped_images\dataset_1\img_1835.jpg,fungal,0.46549584850433023
dataset_1,..\PawlensAI\scraped_images\dataset_1\img_1836.jpg,fungal,0.7331681036505924
dataset_1,..\PawlensAI\scraped_images\dataset_1\img_1837.jpg,other,0.2901434286018941
dataset_1,..\PawlensAI\scraped_images\dataset_1\img_1838.jpg,fungal,0.690677067590339
dataset_1,..\PawlensAI\scraped_images\dataset_1\img_1839.jpg,fungal,0.8127219919451951
dataset_1,..\PawlensAI\scraped_images\dataset_1\img_184.jpg,normal,0.4314480385741572
dataset_1,..\PawlensAI\scraped_images\dataset_1\img_1840.jpg,wound,0.4123461937016682
dataset_1,..\PawlensAI\scraped_images\dataset_1\img_1841.jpg,wound,0.3498562792482054
dataset_1,..\PawlensAI\scraped_images\dataset_1\img_1842.jpg,fungal,0.7771668872958093
dataset_1,..\PawlensAI\scraped_images\dataset_1\img_1843.jpg,fungal,0.3789889426991776
dataset_1,..\PawlensAI\scraped_images\dataset_1\img_1844.jpg,fungal,0.7569589409267221
dataset_1,..\PawlensAI\scraped_images\dataset_1\img_1845.jpg,fungal,0.6884147594027001
dataset_1,..\PawlensAI\scraped_images\dataset_1\img_1846.jpg,fungal,0.8817263813899265
dataset_1,..\PawlensAI\scraped_images\dataset_1\img_1847.jpg,mange,0.844621966343925
dataset_1,..\PawlensAI\scraped_images\dataset_1\img_1848.jpg,allergy,0.41948081558545025
dataset_1,..\PawlensAI\scraped_images\dataset_1\img_1849.jpg,wound,0.47643414264802314
dataset_1,..\PawlensAI\scraped_images\dataset_1\img_185.jpg,fungal,0.767844140618542
dataset_1,..\PawlensAI\scraped_images\dataset_1\img_1850.jpg,fungal,0.45097133248301186
dataset_1,..\PawlensAI\scraped_images\dataset_1\img_1851.jpg,fungal,0.4682470784484617
dataset_1,..\PawlensAI\scraped_images\dataset_1\img_1852.jpg,fungal,0.44504612507615116
dataset_1,..\PawlensAI\scraped_images\dataset_1\img_1853.jpg,fungal,0.8602357741774006
dataset_1,..\PawlensAI\scraped_images\dataset_1\img_1854.jpg,fungal,0.5232622558196441
dataset_1,..\PawlensAI\scraped_images\dataset_1\img_1855.jpg,mange,0.2430020443509525
dataset_1,..\PawlensAI\scraped_images\dataset_1\img_1856.jpg,fungal,0.33874969559518214
dataset_1,..\PawlensAI\scraped_images\dataset_1\img_1857.jpg,fungal,0.6933865465007316
dataset_1,..\PawlensAI\scraped_images\dataset_1\img_1858.jpg,mange,0.3952400814635229
dataset_1,..\PawlensAI\scraped_images\dataset_1\img_1859.jpg,fungal,0.40425751777277985
dataset_1,..\PawlensAI\scraped_images\dataset_1\img_186.jpg,fungal,0.7864011311819309
dataset_1,..\PawlensAI\scraped_images\dataset_1\img_1860.jpg,normal,0.20591963632957808
dataset_1,..\PawlensAI\scraped_images\dataset_1\img_1861.jpg,wound,0.49080840906174383
dataset_1,..\PawlensAI\scraped_images\dataset_1\img_1862.jpg,fungal,0.45439301715867747
dataset_1,..\PawlensAI\scraped_images\dataset_1\img_1863.jpg,fungal,0.3551831072146219
dataset_1,..\PawlensAI\scraped_images\dataset_1\img_1864.jpg,wound,0.4410786475349905
dataset_1,..\PawlensAI\scraped_images\dataset_1\img_1868.jpg,fungal,0.8946650308193284
dataset_1,..\PawlensAI\scraped_images\dataset_1\img_1869.jpg,fungal,0.8638288648313229
dataset_1,..\PawlensAI\scraped_images\dataset_1\img_187.jpg,fungal,0.8444256381289641
dataset_1,..\PawlensAI\scraped_images\dataset_1\img_1870.jpg,allergy,0.3582406461678019
dataset_1,..\PawlensAI\scraped_images\dataset_1\img_1871.jpg,fungal,0.8340089351213212
dataset_1,..\PawlensAI\scraped_images\dataset_1\img_1872.jpg,fungal,0.43028273555184027
dataset_1,..\PawlensAI\scraped_images\dataset_1\img_1873.jpg,bacterial,0.4090779113356677
dataset_1,..\PawlensAI\scraped_images\dataset_1\img_1874.jpg,bacterial,0.4871301520506067
dataset_1,..\PawlensAI\scraped_images\dataset_1\img_1875.jpg,fungal,0.4240957247820777
dataset_1,..\PawlensAI\scraped_images\dataset_1\img_1876.jpg,fungal,0.24002784710446182
dataset_1,..\PawlensAI\scraped_images\dataset_1\img_1877.jpg,mange,0.3222508606373731
dataset_1,..\PawlensAI\scraped_images\dataset_1\img_1878.jpg,fungal,0.2327791035103151
dataset_1,..\PawlensAI\scraped_images\dataset_1\img_1879.jpg,fungal,0.6385707980953625
dataset_1,..\PawlensAI\scraped_images\dataset_1\img_188.jpg,mange,0.5880174877105775
dataset_1,..\PawlensAI\scraped_images\dataset_1\img_1880.jpg,wound,0.36016317691303357
dataset_1,..\PawlensAI\scraped_images\dataset_1\img_1881.jpg,fungal,0.5395030437162169
dataset_1,..\PawlensAI\scraped_images\dataset_1\img_1882.jpg,wound,0.35813772980448166
dataset_1,..\PawlensAI\scraped_images\dataset_1\img_1883.jpg,fungal,0.4787849043621397
dataset_1,..\PawlensAI\scraped_images\dataset_1\img_1884.jpg,fungal,0.9176818495008685
dataset_1,..\PawlensAI\scraped_images\dataset_1\img_1885.jpg,fungal,0.3079393798000705
dataset_1,..\PawlensAI\scraped_images\dataset_1\img_1886.jpg,fungal,0.7988288830707433
dataset_1,..\PawlensAI\scraped_images\dataset_1\img_1887.jpg,wound,0.422097870230812
dataset_1,..\PawlensAI\scraped_images\dataset_1\img_1888.jpg,fungal,0.6826527847669533
dataset_1,..\PawlensAI\scraped_images\dataset_1\img_1889.jpg,fungal,0.414282178677475
dataset_1,..\PawlensAI\scraped_images\dataset_1\img_189.jpg,fungal,0.5451497276442744
dataset_1,..\PawlensAI\scraped_images\dataset_1\img_1890.jpg,mange,0.4644064471157269
dataset_1,..\PawlensAI\scraped_images\dataset_1\img_1891.jpg,bacterial,0.36449400924336217
dataset_1,..\PawlensAI\scraped_images\dataset_1\img_1892.jpg,fungal,0.6847351128501105
dataset_1,..\PawlensAI\scraped_images\dataset_1\img_1893.jpg,bacterial,0.6005868816185654
dataset_1,..\PawlensAI\scraped_images\dataset_1\img_1894.jpg,fungal,0.7340891520639324
dataset_1,..\PawlensAI\scraped_images\dataset_1\img_1895.jpg,bacterial,0.29412949578308584
dataset_1,..\PawlensAI\scraped_images\dataset_1\img_1896.jpg,other,0.2316916088304417
dataset_1,..\PawlensAI\scraped_images\dataset_1\img_1897.jpg,mange,0.8220070236756458
dataset_1,..\PawlensAI\scraped_images\dataset_1\img_1898.jpg,bacterial,0.4375859610932733
dataset_1,..\PawlensAI\scraped_images\dataset_1\img_1899.jpg,fungal,0.8350820795480434
dataset_1,..\PawlensAI\scraped_images\dataset_1\img_19.jpg,normal,0.5026409188687065
dataset_1,..\PawlensAI\scraped_images\dataset_1\img_190.jpg,fungal,0.8121988375403497
dataset_1,..\PawlensAI\scraped_images\dataset_1\img_1900.jpg,bacterial,0.5404086719807007
dataset_1,..\PawlensAI\scraped_images\dataset_1\img_1901.jpg,mange,0.3635478804551445
dataset_1,..\PawlensAI\scraped_images\dataset_1\img_1902.jpg,fungal,0.7641782159289038
dataset_1,..\PawlensAI\scraped_images\dataset_1\img_1903.jpg,fungal,0.5130752316366971
dataset_1,..\PawlensAI\scraped_images\dataset_1\img_1904.jpg,bacterial,0.49664633679579284
dataset_1,..\PawlensAI\scraped_images\dataset_1\img_1905.jpg,fungal,0.4439621770224912
dataset_1,..\PawlensAI\scraped_images\dataset_1\img_1906.jpg,fungal,0.6810679164140434
dataset_1,..\PawlensAI\scraped_images\dataset_1\img_1907.jpg,fungal,0.6453799803310655
dataset_1,..\PawlensAI\scraped_images\dataset_1\img_1908.jpg,fungal,0.41900528001521514
dataset_1,..\PawlensAI\scraped_images\dataset_1\img_1909.jpg,fungal,0.33279729424134336
dataset_1,..\PawlensAI\scraped_images\dataset_1\img_191.jpg,fungal,0.8294546501858949
dataset_1,..\PawlensAI\scraped_images\dataset_1\img_1910.jpg,fungal,0.8915601299082873
dataset_1,..\PawlensAI\scraped_images\dataset_1\img_1911.jpg,bacterial,0.3949174733972044
dataset_1,..\PawlensAI\scraped_images\dataset_1\img_1912.jpg,fungal,0.7687036715925472
dataset_1,..\PawlensAI\scraped_images\dataset_1\img_1913.jpg,wound,0.22217107594647648
dataset_1,..\PawlensAI\scraped_images\dataset_1\img_1914.jpg,fungal,0.7751916362616617
dataset_1,..\PawlensAI\scraped_images\dataset_1\img_1915.jpg,fungal,0.7095884953143167
dataset_1,..\PawlensAI\scraped_images\dataset_1\img_1916.jpg,bacterial,0.4389978290729785
dataset_1,..\PawlensAI\scraped_images\dataset_1\img_1917.jpg,fungal,0.6222781076014838
dataset_1,..\PawlensAI\scraped_images\dataset_1\img_192.jpg,fungal,0.8460909169658152
dataset_1,..\PawlensAI\scraped_images\dataset_1\img_1924.jpg,fungal,0.3773905456555838
dataset_1,..\PawlensAI\scraped_images\dataset_1\img_1925.jpg,mange,0.38912386773477714
dataset_1,..\PawlensAI\scraped_images\dataset_1\img_1926.jpg,fungal,0.8162178202889908
dataset_1,..\PawlensAI\scraped_images\dataset_1\img_1927.jpg,fungal,0.369329001794688
dataset_1,..\PawlensAI\scraped_images\dataset_1\img_1928.jpg,fungal,0.8626673413105064
dataset_1,..\PawlensAI\scraped_images\dataset_1\img_1929.jpg,mange,0.8029469607844306
dataset_1,..\PawlensAI\scraped_images\dataset_1\img_193.jpg,mange,0.30275539554741066
dataset_1,..\PawlensAI\scraped_images\dataset_1\img_1930.jpg,bacterial,0.3105343229962026
dataset_1,..\PawlensAI\scraped_images\dataset_1\img_1931.jpg,wound,0.35826327747179193
dataset_1,..\PawlensAI\scraped_images\dataset_1\img_1932.jpg,fungal,0.8186360692033215
dataset_1,..\PawlensAI\scraped_images\dataset_1\img_1933.jpg,bacterial,0.32850345800015274
dataset_1,..\PawlensAI\scraped_images\dataset_1\img_1934.jpg,mange,0.38934056414669854
dataset_1,..\PawlensAI\scraped_images\dataset_1\img_1935.jpg,fungal,0.7391094938489606
dataset_1,..\PawlensAI\scraped_images\dataset_1\img_1936.jpg,fungal,0.6425163145215894
dataset_1,..\PawlensAI\scraped_images\dataset_1\img_1937.jpg,fungal,0.5560581246445938
dataset_1,..\PawlensAI\scraped_images\dataset_1\img_1938.jpg,fungal,0.4013053808877333
dataset_1,..\PawlensAI\scraped_images\dataset_1\img_1939.jpg,wound,0.33860231924249284
dataset_1,..\PawlensAI\scraped_images\dataset_1\img_194.jpg,fungal,0.7830943381944517
dataset_1,..\PawlensAI\scraped_images\dataset_1\img_1940.jpg,fungal,0.36610324577934006
dataset_1,..\PawlensAI\scraped_images\dataset_1\img_1941.jpg,mange,0.3382954101039018
dataset_1,..\PawlensAI\scraped_images\dataset_1\img_1942.jpg,fungal,0.7992071287245223
dataset_1,..\PawlensAI\scraped_images\dataset_1\img_1943.jpg,fungal,0.3258201071036062
dataset_1,..\PawlensAI\scraped_images\dataset_1\img_1944.jpg,mange,0.642883910013822
dataset_1,..\PawlensAI\scraped_images\dataset_1\img_1945.jpg,fungal,0.882651528536675
dataset_1,..\PawlensAI\scraped_images\dataset_1\img_1946.jpg,mange,0.31620164620887353
dataset_1,..\PawlensAI\scraped_images\dataset_1\img_1947.jpg,fungal,0.3170168286605343
dataset_1,..\PawlensAI\scraped_images\dataset_1\img_1948.jpg,fungal,0.8157909856735261
dataset_1,..\PawlensAI\scraped_images\dataset_1\img_1949.jpg,fungal,0.5270936854452563
dataset_1,..\PawlensAI\scraped_images\dataset_1\img_195.jpg,fungal,0.8200270528617299
dataset_1,..\PawlensAI\scraped_images\dataset_1\img_1950.jpg,bacterial,0.3444122836367077
dataset_1,..\PawlensAI\scraped_images\dataset_1\img_1951.jpg,mange,0.5914846985086784
dataset_1,..\PawlensAI\scraped_images\dataset_1\img_1952.jpg,bacterial,0.46007453093503936
dataset_1,..\PawlensAI\scraped_images\dataset_1\img_1953.jpg,fungal,0.5225660309616957
dataset_1,..\PawlensAI\scraped_images\dataset_1\img_1954.jpg,other,0.493917996313058
dataset_1,..\PawlensAI\scraped_images\dataset_1\img_1955.jpg,fungal,0.8953546182628198
dataset_1,..\PawlensAI\scraped_images\dataset_1\img_1956.jpg,bacterial,0.3652155519646701
dataset_1,..\PawlensAI\scraped_images\dataset_1\img_1957.jpg,fungal,0.711060380646055
dataset_1,..\PawlensAI\scraped_images\dataset_1\img_1958.jpg,normal,0.31883574313909996
dataset_1,..\PawlensAI\scraped_images\dataset_1\img_1959.jpg,mange,0.6360678284428694
dataset_1,..\PawlensAI\scraped_images\dataset_1\img_196.jpg,bacterial,0.4207060554522891
dataset_1,..\PawlensAI\scraped_images\dataset_1\img_1960.jpg,fungal,0.7231301178433658
dataset_1,..\PawlensAI\scraped_images\dataset_1\img_1961.jpg,fungal,0.5686029128151688
dataset_1,..\PawlensAI\scraped_images\dataset_1\img_1962.jpg,fungal,0.8337863397159817
dataset_1,..\PawlensAI\scraped_images\dataset_1\img_1963.jpg,fungal,0.3542727048782412
dataset_1,..\PawlensAI\scraped_images\dataset_1\img_1964.jpg,mange,0.5834509348928109
dataset_1,..\PawlensAI\scraped_images\dataset_1\img_1965.jpg,fungal,0.8738585595096143
dataset_1,..\PawlensAI\scraped_images\dataset_1\img_1966.jpg,fungal,0.4301107284030173
dataset_1,..\PawlensAI\scraped_images\dataset_1\img_1967.jpg,fungal,0.861708706101033
dataset_1,..\PawlensAI\scraped_images\dataset_1\img_1968.jpg,fungal,0.42864864519491275
dataset_1,..\PawlensAI\scraped_images\dataset_1\img_1969.jpg,fungal,0.7017006569247197
dataset_1,..\PawlensAI\scraped_images\dataset_1\img_197.jpg,bacterial,0.34488639844224844
dataset_1,..\PawlensAI\scraped_images\dataset_1\img_1970.jpg,mange,0.6834987245453691
dataset_1,..\PawlensAI\scraped_images\dataset_1\img_1971.jpg,fungal,0.9256525103192305
dataset_1,..\PawlensAI\scraped_images\dataset_1\img_1972.jpg,fungal,0.6148538836293912
dataset_1,..\PawlensAI\scraped_images\dataset_1\img_1973.jpg,fungal,0.6154652221827112
dataset_1,..\PawlensAI\scraped_images\dataset_1\img_198.jpg,mange,0.4578434008520588
dataset_1,..\PawlensAI\scraped_images\dataset_1\img_1980.jpg,mange,0.33313134775100195
dataset_1,..\PawlensAI\scraped_images\dataset_1\img_1981.jpg,bacterial,0.3458814107706395
dataset_1,..\PawlensAI\scraped_images\dataset_1\img_1982.jpg,mange,0.5428728600165381
dataset_1,..\PawlensAI\scraped_images\dataset_1\img_1983.jpg,fungal,0.393463017041378
dataset_1,..\PawlensAI\scraped_images\dataset_1\img_1984.jpg,mange,0.3740532041763731
dataset_1,..\PawlensAI\scraped_images\dataset_1\img_1985.jpg,mange,0.783470214108828
dataset_1,..\PawlensAI\scraped_images\dataset_1\img_1986.jpg,mange,0.7653627726222217
dataset_1,..\PawlensAI\scraped_images\dataset_1\img_1987.jpg,fungal,0.3530275911301833
dataset_1,..\PawlensAI\scraped_images\dataset_1\img_1988.jpg,mange,0.48387202179538596
dataset_1,..\PawlensAI\scraped_images\dataset_1\img_1989.jpg,mange,0.500236525235803
dataset_1,..\PawlensAI\scraped_images\dataset_1\img_199.jpg,fungal,0.6238810087406068
dataset_1,..\PawlensAI\scraped_images\dataset_1\img_1990.jpg,mange,0.7244217097921726
dataset_1,..\PawlensAI\scraped_images\dataset_1\img_1991.jpg,mange,0.6607535962214458
dataset_1,..\PawlensAI\scraped_images\dataset_1\img_1992.jpg,mange,0.33027359721919064
dataset_1,..\PawlensAI\scraped_images\dataset_1\img_1993.jpg,mange,0.7573617010466802
dataset_1,..\PawlensAI\scraped_images\dataset_1\img_1994.jpg,mange,0.7322908826754867
dataset_1,..\PawlensAI\scraped_images\dataset_1\img_1995.jpg,mange,0.26246295124530794
dataset_1,..\PawlensAI\scraped_images\dataset_1\img_1996.jpg,mange,0.32393252366474445
dataset_1,..\PawlensAI\scraped_images\dataset_1\img_1997.jpg,mange,0.5218632326324399
dataset_1,..\PawlensAI\scraped_images\dataset_1\img_1998.jpg,mange,0.2949418906929197
dataset_1,..\PawlensAI\scraped_images\dataset_1\img_1999.jpg,other,0.37252676150436964
dataset_1,..\PawlensAI\scraped_images\dataset_1\img_20.jpg,normal,0.32130010560699784
dataset_1,..\PawlensAI\scraped_images\dataset_1\img_200.jpg,bacterial,0.2993676188301756
dataset_1,..\PawlensAI\scraped_images\dataset_1\img_2000.jpg,mange,0.4330623196010417
dataset_1,..\PawlensAI\scraped_images\dataset_1\img_2001.jpg,mange,0.4374989878924653
dataset_1,..\PawlensAI\scraped_images\dataset_1\img_2002.jpg,mange,0.404101621699853
dataset_1,..\PawlensAI\scraped_images\dataset_1\img_2003.jpg,mange,0.4059409648566002
dataset_1,..\PawlensAI\scraped_images\dataset_1\img_2004.jpg,mange,0.2962845589763499
dataset_1,..\PawlensAI\scraped_images\dataset_1\img_2005.jpg,mange,0.5703672877406638
dataset_1,..\PawlensAI\scraped_images\dataset_1\img_2006.jpg,mange,0.5909913006700169
dataset_1,..\PawlensAI\scraped_images\dataset_1\img_2007.jpg,mange,0.7223742689402303
dataset_1,..\PawlensAI\scraped_images\dataset_1\img_2008.jpg,mange,0.500839425565288
dataset_1,..\PawlensAI\scraped_images\dataset_1\img_2009.jpg,fungal,0.424657306158642
dataset_1,..\PawlensAI\scraped_images\dataset_1\img_201.jpg,fungal,0.7069109731236977
dataset_1,..\PawlensAI\scraped_images\dataset_1\img_2010.jpg,mange,0.340639555996218
dataset_1,..\PawlensAI\scraped_images\dataset_1\img_2011.jpg,mange,0.6089463255818734
dataset_1,..\PawlensAI\scraped_images\dataset_1\img_2012.jpg,mange,0.8340705986409307
dataset_1,..\PawlensAI\scraped_images\dataset_1\img_2013.jpg,mange,0.7598455943964595
dataset_1,..\PawlensAI\scraped_images\dataset_1\img_2014.jpg,mange,0.6897531670796689
dataset_1,..\PawlensAI\scraped_images\dataset_1\img_2015.jpg,mange,0.7882609005799671
dataset_1,..\PawlensAI\scraped_images\dataset_1\img_2016.jpg,mange,0.9204741604564942
dataset_1,..\PawlensAI\scraped_images\dataset_1\img_2017.jpg,mange,0.8847561201479535
dataset_1,..\PawlensAI\scraped_images\dataset_1\img_2018.jpg,mange,0.7765162239102413
dataset_1,..\PawlensAI\scraped_images\dataset_1\img_2019.jpg,mange,0.5240542787827224
dataset_1,..\PawlensAI\scraped_images\dataset_1\img_202.jpg,fungal,0.8178682342741067
dataset_1,..\PawlensAI\scraped_images\dataset_1\img_2020.jpg,other,0.2533480124286886
dataset_1,..\PawlensAI\scraped_images\dataset_1\img_2021.jpg,mange,0.8245597153497115
dataset_1,..\PawlensAI\scraped_images\dataset_1\img_2022.jpg,mange,0.5879921484546108
dataset_1,..\PawlensAI\scraped_images\dataset_1\img_2023.jpg,other,0.34919372963658774
dataset_1,..\PawlensAI\scraped_images\dataset_1\img_2024.jpg,fungal,0.358396353423292
dataset_1,..\PawlensAI\scraped_images\dataset_1\img_2025.jpg,mange,0.7332761005565137
dataset_1,..\PawlensAI\scraped_images\dataset_1\img_2026.jpg,mange,0.6520973673400818
dataset_1,..\PawlensAI\scraped_images\dataset_1\img_2027.jpg,mange,0.59033156340377
dataset_1,..\PawlensAI\scraped_images\dataset_1\img_2028.jpg,normal,0.53168551528061
dataset_1,..\PawlensAI\scraped_images\dataset_1\img_2029.jpg,other,0.3858108946355031
dataset_1,..\PawlensAI\scraped_images\dataset_1\img_203.jpg,allergy,0.2331195196815909
dataset_1,..\PawlensAI\scraped_images\dataset_1\img_2033.jpg,wound,0.3898458119463019
dataset_1,..\PawlensAI\scraped_images\dataset_1\img_2034.jpg,fungal,0.2842620204800951
dataset_1,..\PawlensAI\scraped_images\dataset_1\img_2035.jpg,other,0.37460163019329834
dataset_1,..\PawlensAI\scraped_images\dataset_1\img_2036.jpg,mange,0.4504967079364968
dataset_1,..\PawlensAI\scraped_images\dataset_1\img_2037.jpg,mange,0.8301229992281564
dataset_1,..\PawlensAI\scraped_images\dataset_1\img_2038.jpg,bacterial,0.38989404631092095
dataset_1,..\PawlensAI\scraped_images\dataset_1\img_2039.jpg,mange,0.8842918094350201
dataset_1,..\PawlensAI\scraped_images\dataset_1\img_204.jpg,fungal,0.82473626905009
dataset_1,..\PawlensAI\scraped_images\dataset_1\img_2040.jpg,mange,0.27455862627189526
dataset_1,..\PawlensAI\scraped_images\dataset_1\img_2041.jpg,mange,0.4219239184309429
dataset_1,..\PawlensAI\scraped_images\dataset_1\img_2042.jpg,mange,0.5848720799794616
dataset_1,..\PawlensAI\scraped_images\dataset_1\img_2043.jpg,mange,0.430329923887656
dataset_1,..\PawlensAI\scraped_images\dataset_1\img_2044.jpg,fungal,0.5640371690548709
dataset_1,..\PawlensAI\scraped_images\dataset_1\img_2045.jpg,mange,0.7807417579669921
dataset_1,..\PawlensAI\scraped_images\dataset_1\img_2046.jpg,other,0.3529284405757854
dataset_1,..\PawlensAI\scraped_images\dataset_1\img_2047.jpg,mange,0.3882820607361739
dataset_1,..\PawlensAI\scraped_images\dataset_1\img_2048.jpg,mange,0.5468956387433859
dataset_1,..\PawlensAI\scraped_images\dataset_1\img_2049.jpg,mange,0.8073664713489718
dataset_1,..\PawlensAI\scraped_images\dataset_1\img_205.jpg,bacterial,0.3656379417865055
dataset_1,..\PawlensAI\scraped_images\dataset_1\img_2050.jpg,bacterial,0.2755237725316418
dataset_1,..\PawlensAI\scraped_images\dataset_1\img_2051.jpg,mange,0.6734272799894513
dataset_1,..\PawlensAI\scraped_images\dataset_1\img_2052.jpg,fungal,0.30470728497444277
dataset_1,..\PawlensAI\scraped_images\dataset_1\img_2053.jpg,other,0.42879130717530517
dataset_1,..\PawlensAI\scraped_images\dataset_1\img_2054.jpg,fungal,0.27724852248644183
dataset_1,..\PawlensAI\scraped_images\dataset_1\img_2055.jpg,fungal,0.5018286543153729
dataset_1,..\PawlensAI\scraped_images\dataset_1\img_2056.jpg,fungal,0.30737464961215566
dataset_1,..\PawlensAI\scraped_images\dataset_1\img_2057.jpg,mange,0.43099183511423633
dataset_1,..\PawlensAI\scraped_images\dataset_1\img_2058.jpg,mange,0.546971684527327
dataset_1,..\PawlensAI\scraped_images\dataset_1\img_2059.jpg,mange,0.807377997998891
dataset_1,..\PawlensAI\scraped_images\dataset_1\img_206.jpg,fungal,0.3446454838141094
dataset_1,..\PawlensAI\scraped_images\dataset_1\img_2060.jpg,mange,0.43956140053183806
dataset_1,..\PawlensAI\scraped_images\dataset_1\img_2061.jpg,mange,0.5250963683646589
dataset_1,..\PawlensAI\scraped_images\dataset_1\img_2062.jpg,mange,0.9239437675720834
dataset_1,..\PawlensAI\scraped_images\dataset_1\img_2063.jpg,mange,0.3391092083948023
dataset_1,..\PawlensAI\scraped_images\dataset_1\img_2064.jpg,mange,0.7496791821404624
dataset_1,..\PawlensAI\scraped_images\dataset_1\img_2065.jpg,bacterial,0.36325624245646526
dataset_1,..\PawlensAI\scraped_images\dataset_1\img_2066.jpg,mange,0.7268124265495998
dataset_1,..\PawlensAI\scraped_images\dataset_1\img_2067.jpg,mange,0.5161680648444698
dataset_1,..\PawlensAI\scraped_images\dataset_1\img_2068.jpg,mange,0.8408487691538672
dataset_1,..\PawlensAI\scraped_images\dataset_1\img_2069.jpg,mange,0.495500773205873
dataset_1,..\PawlensAI\scraped_images\dataset_1\img_207.jpg,fungal,0.8434227530305607
dataset_1,..\PawlensAI\scraped_images\dataset_1\img_2070.jpg,mange,0.948980207363016
dataset_1,..\PawlensAI\scraped_images\dataset_1\img_2071.jpg,mange,0.5503836043578286
dataset_1,..\PawlensAI\scraped_images\dataset_1\img_2072.jpg,mange,0.7523660809506798
dataset_1,..\PawlensAI\scraped_images\dataset_1\img_2073.jpg,mange,0.8018291132172791
dataset_1,..\PawlensAI\scraped_images\dataset_1\img_2074.jpg,mange,0.4455328788255212
dataset_1,..\PawlensAI\scraped_images\dataset_1\img_2075.jpg,mange,0.6858598613448045
dataset_1,..\PawlensAI\scraped_images\dataset_1\img_2076.jpg,mange,0.7031163237384602
dataset_1,..\PawlensAI\scraped_images\dataset_1\img_2077.jpg,mange,0.5745008047099686
dataset_1,..\PawlensAI\scraped_images\dataset_1\img_2078.jpg,mange,0.25911794243928704
dataset_1,..\PawlensAI\scraped_images\dataset_1\img_2079.jpg,other,0.4176685646715763
dataset_1,..\PawlensAI\scraped_images\dataset_1\img_208.jpg,fungal,0.8546938356447655
dataset_1,..\PawlensAI\scraped_images\dataset_1\img_2080.jpg,mange,0.2722754670882256
dataset_1,..\PawlensAI\scraped_images\dataset_1\img_2081.jpg,mange,0.39627898523670474
dataset_1,..\PawlensAI\scraped_images\dataset_1\img_2082.jpg,mange,0.7090930362093611
dataset_1,..\PawlensAI\scraped_images\dataset_1\img_209.jpg,mange,0.4512018823667337
dataset_1,..\PawlensAI\scraped_images\dataset_1\img_21.jpg,fungal,0.5994972982135632
dataset_1,..\PawlensAI\scraped_images\dataset_1\img_210.jpg,fungal,0.750304330760109
dataset_1,..\PawlensAI\scraped_images\dataset_1\img_211.jpg,wound,0.41624505238690185
dataset_1,..\PawlensAI\scraped_images\dataset_1\img_212.jpg,wound,0.6292764713980622
dataset_1,..\PawlensAI\scraped_images\dataset_1\img_213.jpg,fungal,0.8690203628163632
dataset_1,..\PawlensAI\scraped_images\dataset_1\img_214.jpg,bacterial,0.2829869046351307
dataset_1,..\PawlensAI\scraped_images\dataset_1\img_215.jpg,fungal,0.9170873712104235
dataset_1,..\PawlensAI\scraped_images\dataset_1\img_216.jpg,fungal,0.9154053859218417
dataset_1,..\PawlensAI\scraped_images\dataset_1\img_217.jpg,fungal,0.4888979024747537
dataset_1,..\PawlensAI\scraped_images\dataset_1\img_218.jpg,bacterial,0.35917903351062314
dataset_1,..\PawlensAI\scraped_images\dataset_1\img_219.jpg,other,0.24265624300998262
dataset_1,..\PawlensAI\scraped_images\dataset_1\img_22.jpg,fungal,0.3840523303248969
dataset_1,..\PawlensAI\scraped_images\dataset_1\img_220.jpg,normal,0.5173257548513434
dataset_1,..\PawlensAI\scraped_images\dataset_1\img_227.jpg,bacterial,0.3855239474262572
dataset_1,..\PawlensAI\scraped_images\dataset_1\img_228.jpg,bacterial,0.3544057221019185
dataset_1,..\PawlensAI\scraped_images\dataset_1\img_229.jpg,fungal,0.4247064516127759
dataset_1,..\PawlensAI\scraped_images\dataset_1\img_23.jpg,normal,0.43606676893823737
dataset_1,..\PawlensAI\scraped_images\dataset_1\img_230.jpg,fungal,0.7331390744841748
dataset_1,..\PawlensAI\scraped_images\dataset_1\img_231.jpg,bacterial,0.35907985904078615
dataset_1,..\PawlensAI\scraped_images\dataset_1\img_232.jpg,bacterial,0.31146503827200167
dataset_1,..\PawlensAI\scraped_images\dataset_1\img_233.jpg,fungal,0.9214427830787443
dataset_1,..\PawlensAI\scraped_images\dataset_1\img_234.jpg,fungal,0.6597539836024624
dataset_1,..\PawlensAI\scraped_images\dataset_1\img_235.jpg,fungal,0.5352827045248522
dataset_1,..\PawlensAI\scraped_images\dataset_1\img_236.jpg,fungal,0.8143626621835515
dataset_1,..\PawlensAI\scraped_images\dataset_1\img_237.jpg,fungal,0.834865131618469
dataset_1,..\PawlensAI\scraped_images\dataset_1\img_238.jpg,fungal,0.368978615957132
dataset_1,..\PawlensAI\scraped_images\dataset_1\img_239.jpg,fungal,0.50803852970697
dataset_1,..\PawlensAI\scraped_images\dataset_1\img_24.jpg,mange,0.37456390427349
dataset_1,..\PawlensAI\scraped_images\dataset_1\img_240.jpg,fungal,0.8984080626115126
dataset_1,..\PawlensAI\scraped_images\dataset_1\img_241.jpg,fungal,0.3110463116433005
dataset_1,..\PawlensAI\scraped_images\dataset_1\img_242.jpg,mange,0.35361795285227304
dataset_1,..\PawlensAI\scraped_images\dataset_1\img_243.jpg,fungal,0.8424029538126385
dataset_1,..\PawlensAI\scraped_images\dataset_1\img_244.jpg,fungal,0.40233280961489576
dataset_1,..\PawlensAI\scraped_images\dataset_1\img_245.jpg,wound,0.42750168835959307
dataset_1,..\PawlensAI\scraped_images\dataset_1\img_246.jpg,mange,0.323603791068923
dataset_1,..\PawlensAI\scraped_images\dataset_1\img_247.jpg,fungal,0.3805057725795732
dataset_1,..\PawlensAI\scraped_images\dataset_1\img_248.jpg,bacterial,0.45740865268104125
dataset_1,..\PawlensAI\scraped_images\dataset_1\img_249.jpg,fungal,0.6980814899376745
dataset_1,..\PawlensAI\scraped_images\dataset_1\img_25.jpg,normal,0.45292939505172336
dataset_1,..\PawlensAI\scraped_images\dataset_1\img_250.jpg,fungal,0.6946428037859023
dataset_1,..\PawlensAI\scraped_images\dataset_1\img_251.jpg,fungal,0.5981719849628672
dataset_1,..\PawlensAI\scraped_images\dataset_1\img_252.jpg,fungal,0.769704088177758
dataset_1,..\PawlensAI\scraped_images\dataset_1\img_253.jpg,fungal,0.850724362733136
dataset_1,..\PawlensAI\scraped_images\dataset_1\img_254.jpg,bacterial,0.37577451763219794
dataset_1,..\PawlensAI\scraped_images\dataset_1\img_255.jpg,bacterial,0.31314704662399656
dataset_1,..\PawlensAI\scraped_images\dataset_1\img_256.jpg,wound,0.6293143310037673
dataset_1,..\PawlensAI\scraped_images\dataset_1\img_257.jpg,fungal,0.6295612078912209
dataset_1,..\PawlensAI\scraped_images\dataset_1\img_258.jpg,fungal,0.7980972596017906
dataset_1,..\PawlensAI\scraped_images\dataset_1\img_259.jpg,fungal,0.37299217253019296
dataset_1,..\PawlensAI\scraped_images\dataset_1\img_26.jpg,fungal,0.3939587532292435
dataset_1,..\PawlensAI\scraped_images\dataset_1\img_260.jpg,bacterial,0.6120404305817283
dataset_1,..\PawlensAI\scraped_images\dataset_1\img_261.jpg,fungal,0.6903413732377031
dataset_1,..\PawlensAI\scraped_images\dataset_1\img_262.jpg,fungal,0.4961041797976379
dataset_1,..\PawlensAI\scraped_images\dataset_1\img_263.jpg,fungal,0.2917053858590742
dataset_1,..\PawlensAI\scraped_images\dataset_1\img_264.jpg,wound,0.3214943203814155
dataset_1,..\PawlensAI\scraped_images\dataset_1\img_265.jpg,fungal,0.5356198610616121
dataset_1,..\PawlensAI\scraped_images\dataset_1\img_266.jpg,fungal,0.422558762546232
dataset_1,..\PawlensAI\scraped_images\dataset_1\img_267.jpg,mange,0.3083378552199441
dataset_1,..\PawlensAI\scraped_images\dataset_1\img_268.jpg,allergy,0.30561898569926893
dataset_1,..\PawlensAI\scraped_images\dataset_1\img_269.jpg,fungal,0.5631099129071832
dataset_1,..\PawlensAI\scraped_images\dataset_1\img_27.jpg,bacterial,0.28431488547230954
dataset_1,..\PawlensAI\scraped_images\dataset_1\img_270.jpg,fungal,0.3526755970212814
dataset_1,..\PawlensAI\scraped_images\dataset_1\img_271.jpg,fungal,0.5753775261067235
dataset_1,..\PawlensAI\scraped_images\dataset_1\img_272.jpg,fungal,0.8797256674703434
dataset_1,..\PawlensAI\scraped_images\dataset_1\img_273.jpg,mange,0.4264285993502883
dataset_1,..\PawlensAI\scraped_images\dataset_1\img_274.jpg,fungal,0.6191467217790059
dataset_1,..\PawlensAI\scraped_images\dataset_1\img_275.jpg,fungal,0.4547525188221809
dataset_1,..\PawlensAI\scraped_images\dataset_1\img_276.jpg,fungal,0.8663466563744693
dataset_1,..\PawlensAI\scraped_images\dataset_1\img_28.jpg,bacterial,0.28643973598539435
dataset_1,..\PawlensAI\scraped_images\dataset_1\img_280.jpg,bacterial,0.3169744679002339
dataset_1,..\PawlensAI\scraped_images\dataset_1\img_281.jpg,fungal,0.4276137619742996
dataset_1,..\PawlensAI\scraped_images\dataset_1\img_282.jpg,bacterial,0.5054891380779292
dataset_1,..\PawlensAI\scraped_images\dataset_1\img_283.jpg,fungal,0.3651611594224269
dataset_1,..\PawlensAI\scraped_images\dataset_1\img_284.jpg,fungal,0.6001850114457985
dataset_1,..\PawlensAI\scraped_images\dataset_1\img_285.jpg,fungal,0.7918589847875022
dataset_1,..\PawlensAI\scraped_images\dataset_1\img_286.jpg,bacterial,0.47611568910752944
dataset_1,..\PawlensAI\scraped_images\dataset_1\img_287.jpg,normal,0.4566176797701591
dataset_1,..\PawlensAI\scraped_images\dataset_1\img_288.jpg,fungal,0.5997830608743288
dataset_1,..\PawlensAI\scraped_images\dataset_1\img_289.jpg,fungal,0.396783877913354
dataset_1,..\PawlensAI\scraped_images\dataset_1\img_29.jpg,other,0.42668704887311865
dataset_1,..\PawlensAI\scraped_images\dataset_1\img_290.jpg,fungal,0.3336081876406969
dataset_1,..\PawlensAI\scraped_images\dataset_1\img_291.jpg,allergy,0.4257358299963289
dataset_1,..\PawlensAI\scraped_images\dataset_1\img_292.jpg,bacterial,0.3124420358457261
dataset_1,..\PawlensAI\scraped_images\dataset_1\img_293.jpg,fungal,0.5827256863393679
dataset_1,..\PawlensAI\scraped_images\dataset_1\img_294.jpg,bacterial,0.2926131128564431
dataset_1,..\PawlensAI\scraped_images\dataset_1\img_295.jpg,fungal,0.5023991287113819
dataset_1,..\PawlensAI\scraped_images\dataset_1\img_296.jpg,allergy,0.2746026761511389
dataset_1,..\PawlensAI\scraped_images\dataset_1\img_297.jpg,fungal,0.77462954270219
dataset_1,..\PawlensAI\scraped_images\dataset_1\img_298.jpg,fungal,0.740945664213563
dataset_1,..\PawlensAI\scraped_images\dataset_1\img_299.jpg,fungal,0.7606367484750863
dataset_1,..\PawlensAI\scraped_images\dataset_1\img_3.jpg,fungal,0.4072485509256242
dataset_1,..\PawlensAI\scraped_images\dataset_1\img_30.jpg,mange,0.3206137356327831
dataset_1,..\PawlensAI\scraped_images\dataset_1\img_300.jpg,fungal,0.39217351069621464
dataset_1,..\PawlensAI\scraped_images\dataset_1\img_301.jpg,wound,0.2728126554584175
dataset_1,..\PawlensAI\scraped_images\dataset_1\img_302.jpg,fungal,0.8899814134451216
dataset_1,..\PawlensAI\scraped_images\dataset_1\img_303.jpg,bacterial,0.32838352784252833
dataset_1,..\PawlensAI\scraped_images\dataset_1\img_304.jpg,fungal,0.6897859399769385
dataset_1,..\PawlensAI\scraped_images\dataset_1\img_305.jpg,fungal,0.38460465450363684
dataset_1,..\PawlensAI\scraped_images\dataset_1\img_306.jpg,fungal,0.34294909789324207
dataset_1,..\PawlensAI\scraped_images\dataset_1\img_307.jpg,bacterial,0.22565688101007608
dataset_1,..\PawlensAI\scraped_images\dataset_1\img_308.jpg,bacterial,0.31685018432589207
dataset_1,..\PawlensAI\scraped_images\dataset_1\img_309.jpg,fungal,0.7083728643057177
dataset_1,..\PawlensAI\scraped_images\dataset_1\img_31.jpg,normal,0.36055712716648874
dataset_1,..\PawlensAI\scraped_images\dataset_1\img_310.jpg,bacterial,0.24148587217933185
dataset_1,..\PawlensAI\scraped_images\dataset_1\img_311.jpg,mange,0.6975269804760108
dataset_1,..\PawlensAI\scraped_images\dataset_1\img_312.jpg,mange,0.4415720934918594
dataset_1,..\PawlensAI\scraped_images\dataset_1\img_313.jpg,mange,0.3860439252282327
dataset_1,..\PawlensAI\scraped_images\dataset_1\img_314.jpg,mange,0.3176378353901265
dataset_1,..\PawlensAI\scraped_images\dataset_1\img_315.jpg,mange,0.7222905530384568
dataset_1,..\PawlensAI\scraped_images\dataset_1\img_316.jpg,mange,0.3316399760459574
dataset_1,..\PawlensAI\scraped_images\dataset_1\img_317.jpg,mange,0.6901039897317377
dataset_1,..\PawlensAI\scraped_images\dataset_1\img_318.jpg,mange,0.6319128849065546
dataset_1,..\PawlensAI\scraped_images\dataset_1\img_319.jpg,mange,0.8193355054543141
dataset_1,..\PawlensAI\scraped_images\dataset_1\img_32.jpg,fungal,0.2745777486176942
dataset_1,..\PawlensAI\scraped_images\dataset_1\img_320.jpg,mange,0.7370280444754648
dataset_1,..\PawlensAI\scraped_images\dataset_1\img_321.jpg,mange,0.46222663516776796
dataset_1,..\PawlensAI\scraped_images\dataset_1\img_322.jpg,wound,0.5296691412654071
dataset_1,..\PawlensAI\scraped_images\dataset_1\img_323.jpg,fungal,0.6445808891108568
dataset_1,..\PawlensAI\scraped_images\dataset_1\img_324.jpg,bacterial,0.3253016358420895
dataset_1,..\PawlensAI\scraped_images\dataset_1\img_325.jpg,mange,0.8522572170015706
dataset_1,..\PawlensAI\scraped_images\dataset_1\img_326.jpg,mange,0.7649763672920162
dataset_1,..\PawlensAI\scraped_images\dataset_1\img_327.jpg,mange,0.6717890500058047
dataset_1,..\PawlensAI\scraped_images\dataset_1\img_328.jpg,mange,0.3280172119603788
dataset_1,..\PawlensAI\scraped_images\dataset_1\img_329.jpg,allergy,0.4298511181116821
dataset_1,..\PawlensAI\scraped_images\dataset_1\img_33.jpg,other,0.7521680824965269
dataset_1,..\PawlensAI\scraped_images\dataset_1\img_339.jpg,bacterial,0.6204500530064669
dataset_1,..\PawlensAI\scraped_images\dataset_1\img_34.jpg,fungal,0.5420224915112101
dataset_1,..\PawlensAI\scraped_images\dataset_1\img_340.jpg,fungal,0.2940529744427508
dataset_1,..\PawlensAI\scraped_images\dataset_1\img_341.jpg,mange,0.3067154655228468
dataset_1,..\PawlensAI\scraped_images\dataset_1\img_342.jpg,wound,0.2751831753036495
dataset_1,..\PawlensAI\scraped_images\dataset_1\img_343.jpg,bacterial,0.3520454572532221
dataset_1,..\PawlensAI\scraped_images\dataset_1\img_344.jpg,fungal,0.5553337300592478
dataset_1,..\PawlensAI\scraped_images\dataset_1\img_345.jpg,wound,0.43399291690699904
dataset_1,..\PawlensAI\scraped_images\dataset_1\img_346.jpg,fungal,0.7645833120466262
dataset_1,..\PawlensAI\scraped_images\dataset_1\img_347.jpg,fungal,0.6612925994986015
dataset_1,..\PawlensAI\scraped_images\dataset_1\img_348.jpg,mange,0.29816608470737815
dataset_1,..\PawlensAI\scraped_images\dataset_1\img_349.jpg,other,0.6961361813124435
dataset_1,..\PawlensAI\scraped_images\dataset_1\img_35.jpg,normal,0.6504032268393559
dataset_1,..\PawlensAI\scraped_images\dataset_1\img_350.jpg,bacterial,0.3765469674703295
dataset_1,..\PawlensAI\scraped_images\dataset_1\img_351.jpg,mange,0.5922027420639252
dataset_1,..\PawlensAI\scraped_images\dataset_1\img_352.jpg,mange,0.9370840672591276
dataset_1,..\PawlensAI\scraped_images\dataset_1\img_353.jpg,wound,0.6418601027532989
dataset_1,..\PawlensAI\scraped_images\dataset_1\img_354.jpg,wound,0.33845555471418326
dataset_1,..\PawlensAI\scraped_images\dataset_1\img_355.jpg,other,0.6480218906947067
dataset_1,..\PawlensAI\scraped_images\dataset_1\img_356.jpg,wound,0.43428776016546294
dataset_1,..\PawlensAI\scraped_images\dataset_1\img_357.jpg,fungal,0.5443595518040775
dataset_1,..\PawlensAI\scraped_images\dataset_1\img_358.jpg,other,0.32635398573824004
dataset_1,..\PawlensAI\scraped_images\dataset_1\img_359.jpg,fungal,0.6761023804796822
dataset_1,..\PawlensAI\scraped_images\dataset_1\img_36.jpg,normal,0.37082488361260885
dataset_1,..\PawlensAI\scraped_images\dataset_1\img_360.jpg,fungal,0.41890784617666216
dataset_1,..\PawlensAI\scraped_images\dataset_1\img_361.jpg,bacterial,0.35073502146338076
dataset_1,..\PawlensAI\scraped_images\dataset_1\img_362.jpg,fungal,0.5584879600904689
dataset_1,..\PawlensAI\scraped_images\dataset_1\img_363.jpg,mange,0.4180023146169659
dataset_1,..\PawlensAI\scraped_images\dataset_1\img_364.jpg,fungal,0.7490290173737826
dataset_1,..\PawlensAI\scraped_images\dataset_1\img_365.jpg,fungal,0.5726270426092023
dataset_1,..\PawlensAI\scraped_images\dataset_1\img_366.jpg,bacterial,0.31204865382827623
dataset_1,..\PawlensAI\scraped_images\dataset_1\img_367.jpg,bacterial,0.4656557129705495
dataset_1,..\PawlensAI\scraped_images\dataset_1\img_368.jpg,other,0.5539392510973751
dataset_1,..\PawlensAI\scraped_images\dataset_1\img_369.jpg,bacterial,0.5033570975335017
dataset_1,..\PawlensAI\scraped_images\dataset_1\img_37.jpg,normal,0.5553658101930357
dataset_1,..\PawlensAI\scraped_images\dataset_1\img_370.jpg,fungal,0.45361953430030844
dataset_1,..\PawlensAI\scraped_images\dataset_1\img_371.jpg,fungal,0.5011655498827342
dataset_1,..\PawlensAI\scraped_images\dataset_1\img_372.jpg,fungal,0.5227021774468388
dataset_1,..\PawlensAI\scraped_images\dataset_1\img_373.jpg,other,0.41771408286808587
dataset_1,..\PawlensAI\scraped_images\dataset_1\img_374.jpg,wound,0.4389580525007968
dataset_1,..\PawlensAI\scraped_images\dataset_1\img_375.jpg,other,0.4277770955917189
dataset_1,..\PawlensAI\scraped_images\dataset_1\img_376.jpg,normal,0.30467073690748137
dataset_1,..\PawlensAI\scraped_images\dataset_1\img_377.jpg,bacterial,0.436187291138294
dataset_1,..\PawlensAI\scraped_images\dataset_1\img_378.jpg,normal,0.5665920207316141
dataset_1,..\PawlensAI\scraped_images\dataset_1\img_379.jpg,allergy,0.23308393621818402
dataset_1,..\PawlensAI\scraped_images\dataset_1\img_38.jpg,fungal,0.3792396698506656
dataset_1,..\PawlensAI\scraped_images\dataset_1\img_380.jpg,fungal,0.3149196802133807
dataset_1,..\PawlensAI\scraped_images\dataset_1\img_381.jpg,fungal,0.434707704122866
dataset_1,..\PawlensAI\scraped_images\dataset_1\img_382.jpg,wound,0.46286344042813554
dataset_1,..\PawlensAI\scraped_images\dataset_1\img_383.jpg,wound,0.2839675886030136
dataset_1,..\PawlensAI\scraped_images\dataset_1\img_384.jpg,bacterial,0.2901797955523386
dataset_1,..\PawlensAI\scraped_images\dataset_1\img_385.jpg,fungal,0.5101943255542191
dataset_1,..\PawlensAI\scraped_images\dataset_1\img_386.jpg,fungal,0.6820902039709654
dataset_1,..\PawlensAI\scraped_images\dataset_1\img_387.jpg,fungal,0.5722163471080147
dataset_1,..\PawlensAI\scraped_images\dataset_1\img_388.jpg,fungal,0.29535307287465806
dataset_1,..\PawlensAI\scraped_images\dataset_1\img_39.jpg,normal,0.35219845309278314
dataset_1,..\PawlensAI\scraped_images\dataset_1\img_395.jpg,mange,0.2705571758406457
dataset_1,..\PawlensAI\scraped_images\dataset_1\img_396.jpg,wound,0.3331358446594969
dataset_1,..\PawlensAI\scraped_images\dataset_1\img_397.jpg,bacterial,0.2970958799123764
dataset_1,..\PawlensAI\scraped_images\dataset_1\img_398.jpg,wound,0.31760173659856356
dataset_1,..\PawlensAI\scraped_images\dataset_1\img_399.jpg,other,0.36981461158134
dataset_1,..\PawlensAI\scraped_images\dataset_1\img_4.jpg,normal,0.26013417226705604
dataset_1,..\PawlensAI\scraped_images\dataset_1\img_40.jpg,fungal,0.35379452204218553
dataset_1,..\PawlensAI\scraped_images\dataset_1\img_400.jpg,bacterial,0.4988436934109423
dataset_1,..\PawlensAI\scraped_images\dataset_1\img_401.jpg,mange,0.44827937006189483
dataset_1,..\PawlensAI\scraped_images\dataset_1\img_402.jpg,mange,0.7710417710193145
dataset_1,..\PawlensAI\scraped_images\dataset_1\img_403.jpg,fungal,0.4661220507260482
dataset_1,..\PawlensAI\scraped_images\dataset_1\img_404.jpg,fungal,0.3032010806503802
dataset_1,..\PawlensAI\scraped_images\dataset_1\img_405.jpg,fungal,0.34233321353956286
dataset_1,..\PawlensAI\scraped_images\dataset_1\img_406.jpg,wound,0.2806839778181077
dataset_1,..\PawlensAI\scraped_images\dataset_1\img_407.jpg,normal,0.37759099245965666
dataset_1,..\PawlensAI\scraped_images\dataset_1\img_408.jpg,mange,0.3957481097671511
dataset_1,..\PawlensAI\scraped_images\dataset_1\img_409.jpg,mange,0.5381106437060099
dataset_1,..\PawlensAI\scraped_images\dataset_1\img_41.jpg,normal,0.49291145605731174
dataset_1,..\PawlensAI\scraped_images\dataset_1\img_410.jpg,fungal,0.45029014801215733
dataset_1,..\PawlensAI\scraped_images\dataset_1\img_411.jpg,mange,0.3182912389156283
dataset_1,..\PawlensAI\scraped_images\dataset_1\img_412.jpg,fungal,0.8604397387542015
dataset_1,..\PawlensAI\scraped_images\dataset_1\img_413.jpg,bacterial,0.2762447600916191
dataset_1,..\PawlensAI\scraped_images\dataset_1\img_414.jpg,mange,0.4698376948185941
dataset_1,..\PawlensAI\scraped_images\dataset_1\img_415.jpg,fungal,0.7996628076606136
dataset_1,..\PawlensAI\scraped_images\dataset_1\img_416.jpg,mange,0.8682097556979259
dataset_1,..\PawlensAI\scraped_images\dataset_1\img_417.jpg,mange,0.6868438486222924
dataset_1,..\PawlensAI\scraped_images\dataset_1\img_418.jpg,mange,0.7364805701548566
dataset_1,..\PawlensAI\scraped_images\dataset_1\img_419.jpg,mange,0.6149260598231576
dataset_1,..\PawlensAI\scraped_images\dataset_1\img_42.jpg,normal,0.5923754793600005
dataset_1,..\PawlensAI\scraped_images\dataset_1\img_420.jpg,other,0.6041301267864801
dataset_1,..\PawlensAI\scraped_images\dataset_1\img_421.jpg,mange,0.5270475041765442
dataset_1,..\PawlensAI\scraped_images\dataset_1\img_422.jpg,mange,0.48151507722386533
dataset_1,..\PawlensAI\scraped_images\dataset_1\img_423.jpg,mange,0.39037180185975395
dataset_1,..\PawlensAI\scraped_images\dataset_1\img_424.jpg,other,0.47273497343832543
dataset_1,..\PawlensAI\scraped_images\dataset_1\img_425.jpg,mange,0.618029479831355
dataset_1,..\PawlensAI\scraped_images\dataset_1\img_426.jpg,mange,0.36030346750783415
dataset_1,..\PawlensAI\scraped_images\dataset_1\img_427.jpg,mange,0.7755809139819241
dataset_1,..\PawlensAI\scraped_images\dataset_1\img_428.jpg,mange,0.661548320561608
dataset_1,..\PawlensAI\scraped_images\dataset_1\img_429.jpg,fungal,0.6137352544327775
dataset_1,..\PawlensAI\scraped_images\dataset_1\img_43.jpg,normal,0.7807649520588725
dataset_1,..\PawlensAI\scraped_images\dataset_1\img_430.jpg,fungal,0.47007811201796307
dataset_1,..\PawlensAI\scraped_images\dataset_1\img_431.jpg,mange,0.6681508224949615
dataset_1,..\PawlensAI\scraped_images\dataset_1\img_432.jpg,mange,0.26467543233749086
dataset_1,..\PawlensAI\scraped_images\dataset_1\img_433.jpg,mange,0.8614928464792858
dataset_1,..\PawlensAI\scraped_images\dataset_1\img_434.jpg,mange,0.3148509412240369
dataset_1,..\PawlensAI\scraped_images\dataset_1\img_435.jpg,mange,0.8868535712988396
dataset_1,..\PawlensAI\scraped_images\dataset_1\img_436.jpg,other,0.2752586742268872
dataset_1,..\PawlensAI\scraped_images\dataset_1\img_437.jpg,mange,0.5931241438066994
dataset_1,..\PawlensAI\scraped_images\dataset_1\img_438.jpg,mange,0.2662332305395942
dataset_1,..\PawlensAI\scraped_images\dataset_1\img_439.jpg,fungal,0.4197283843128283
dataset_1,..\PawlensAI\scraped_images\dataset_1\img_44.jpg,mange,0.6004320413380079
dataset_1,..\PawlensAI\scraped_images\dataset_1\img_440.jpg,fungal,0.7515549373244739
dataset_1,..\PawlensAI\scraped_images\dataset_1\img_441.jpg,fungal,0.5174800899263001
dataset_1,..\PawlensAI\scraped_images\dataset_1\img_442.jpg,allergy,0.5550136590189746
dataset_1,..\PawlensAI\scraped_images\dataset_1\img_443.jpg,mange,0.5542841689494666
dataset_1,..\PawlensAI\scraped_images\dataset_1\img_444.jpg,fungal,0.618967951356784
dataset_1,..\PawlensAI\scraped_images\dataset_1\img_45.jpg,fungal,0.5581539063224414
dataset_1,..\PawlensAI\scraped_images\dataset_1\img_451.jpg,fungal,0.4821071210989562
dataset_1,..\PawlensAI\scraped_images\dataset_1\img_452.jpg,other,0.6692895091442033
dataset_1,..\PawlensAI\scraped_images\dataset_1\img_453.jpg,fungal,0.5732974998255502
dataset_1,..\PawlensAI\scraped_images\dataset_1\img_454.jpg,fungal,0.683601406519381
dataset_1,..\PawlensAI\scraped_images\dataset_1\img_455.jpg,wound,0.6167481444744024
dataset_1,..\PawlensAI\scraped_images\dataset_1\img_456.jpg,fungal,0.48629475338144307
dataset_1,..\PawlensAI\scraped_images\dataset_1\img_457.jpg,mange,0.6548130129998441
dataset_1,..\PawlensAI\scraped_images\dataset_1\img_458.jpg,fungal,0.3322516053707706
dataset_1,..\PawlensAI\scraped_images\dataset_1\img_459.jpg,mange,0.45264942986206097
dataset_1,..\PawlensAI\scraped_images\dataset_1\img_46.jpg,fungal,0.32200266433504227
dataset_1,..\PawlensAI\scraped_images\dataset_1\img_460.jpg,normal,0.4556642058018915
dataset_1,..\PawlensAI\scraped_images\dataset_1\img_461.jpg,normal,0.7205134610657661
dataset_1,..\PawlensAI\scraped_images\dataset_1\img_462.jpg,fungal,0.8232268051909832
dataset_1,..\PawlensAI\scraped_images\dataset_1\img_463.jpg,normal,0.530310839499044
dataset_1,..\PawlensAI\scraped_images\dataset_1\img_464.jpg,fungal,0.5023195777028987
dataset_1,..\PawlensAI\scraped_images\dataset_1\img_465.jpg,mange,0.32982118712740677
dataset_1,..\PawlensAI\scraped_images\dataset_1\img_466.jpg,wound,0.5231380641274094
dataset_1,..\PawlensAI\scraped_images\dataset_1\img_467.jpg,fungal,0.4052945999352265
dataset_1,..\PawlensAI\scraped_images\dataset_1\img_468.jpg,normal,0.4674262297112556
dataset_1,..\PawlensAI\scraped_images\dataset_1\img_469.jpg,fungal,0.4723293052871256
dataset_1,..\PawlensAI\scraped_images\dataset_1\img_47.jpg,fungal,0.2708686584943182
dataset_1,..\PawlensAI\scraped_images\dataset_1\img_470.jpg,bacterial,0.45283601012147406
dataset_1,..\PawlensAI\scraped_images\dataset_1\img_471.jpg,fungal,0.44247903614256756
dataset_1,..\PawlensAI\scraped_images\dataset_1\img_472.jpg,fungal,0.4406030358884145
dataset_1,..\PawlensAI\scraped_images\dataset_1\img_473.jpg,fungal,0.49008576329901243
dataset_1,..\PawlensAI\scraped_images\dataset_1\img_474.jpg,other,0.6070732485227529
dataset_1,..\PawlensAI\scraped_images\dataset_1\img_475.jpg,wound,0.4056438868159107
dataset_1,..\PawlensAI\scraped_images\dataset_1\img_476.jpg,normal,0.6312523374670473
dataset_1,..\PawlensAI\scraped_images\dataset_1\img_477.jpg,fungal,0.3583052659954024
dataset_1,..\PawlensAI\scraped_images\dataset_1\img_478.jpg,fungal,0.6630427136396915
dataset_1,..\PawlensAI\scraped_images\dataset_1\img_479.jpg,mange,0.3875371134908348
dataset_1,..\PawlensAI\scraped_images\dataset_1\img_48.jpg,normal,0.47761529180865814
dataset_1,..\PawlensAI\scraped_images\dataset_1\img_480.jpg,mange,0.314036870212818
dataset_1,..\PawlensAI\scraped_images\dataset_1\img_481.jpg,wound,0.4020694548103095
dataset_1,..\PawlensAI\scraped_images\dataset_1\img_482.jpg,mange,0.6861272990892061
dataset_1,..\PawlensAI\scraped_images\dataset_1\img_483.jpg,normal,0.4207186485487269
dataset_1,..\PawlensAI\scraped_images\dataset_1\img_484.jpg,normal,0.40027190484942204
dataset_1,..\PawlensAI\scraped_images\dataset_1\img_485.jpg,fungal,0.6895697497955562
dataset_1,..\PawlensAI\scraped_images\dataset_1\img_486.jpg,fungal,0.5194784900682068
dataset_1,..\PawlensAI\scraped_images\dataset_1\img_487.jpg,fungal,0.4185302520849487
dataset_1,..\PawlensAI\scraped_images\dataset_1\img_488.jpg,other,0.44670315640446967
dataset_1,..\PawlensAI\scraped_images\dataset_1\img_489.jpg,mange,0.6031400480424961
dataset_1,..\PawlensAI\scraped_images\dataset_1\img_49.jpg,fungal,0.5161573209806013
dataset_1,..\PawlensAI\scraped_images\dataset_1\img_490.jpg,bacterial,0.48584969168341
dataset_1,..\PawlensAI\scraped_images\dataset_1\img_491.jpg,fungal,0.4313925950634812
dataset_1,..\PawlensAI\scraped_images\dataset_1\img_492.jpg,normal,0.560427464030499
dataset_1,..\PawlensAI\scraped_images\dataset_1\img_493.jpg,mange,0.43918273953937165
dataset_1,..\PawlensAI\scraped_images\dataset_1\img_494.jpg,other,0.2931733634357234
dataset_1,..\PawlensAI\scraped_images\dataset_1\img_495.jpg,mange,0.4144836946121488
dataset_1,..\PawlensAI\scraped_images\dataset_1\img_496.jpg,fungal,0.5458345190393484
dataset_1,..\PawlensAI\scraped_images\dataset_1\img_497.jpg,mange,0.26584514084206684
dataset_1,..\PawlensAI\scraped_images\dataset_1\img_498.jpg,fungal,0.4500041694732414
dataset_1,..\PawlensAI\scraped_images\dataset_1\img_499.jpg,fungal,0.3735151338450555
dataset_1,..\PawlensAI\scraped_images\dataset_1\img_5.jpg,normal,0.4336012039422047
dataset_1,..\PawlensAI\scraped_images\dataset_1\img_50.jpg,normal,0.39969463162493873
dataset_1,..\PawlensAI\scraped_images\dataset_1\img_500.jpg,bacterial,0.2848664734744707
dataset_1,..\PawlensAI\scraped_images\dataset_1\img_504.jpg,normal,0.3272616524593135
dataset_1,..\PawlensAI\scraped_images\dataset_1\img_505.jpg,mange,0.3625304671933467
dataset_1,..\PawlensAI\scraped_images\dataset_1\img_506.jpg,normal,0.6747299624962605
dataset_1,..\PawlensAI\scraped_images\dataset_1\img_507.jpg,other,0.44442635909191963
dataset_1,..\PawlensAI\scraped_images\dataset_1\img_508.jpg,fungal,0.2873753608572579
dataset_1,..\PawlensAI\scraped_images\dataset_1\img_509.jpg,normal,0.647877772642832
dataset_1,..\PawlensAI\scraped_images\dataset_1\img_51.jpg,normal,0.49499008747588996
dataset_1,..\PawlensAI\scraped_images\dataset_1\img_510.jpg,mange,0.42365947612363075
dataset_1,..\PawlensAI\scraped_images\dataset_1\img_511.jpg,bacterial,0.4296380278228819
dataset_1,..\PawlensAI\scraped_images\dataset_1\img_512.jpg,wound,0.6010897595877136
dataset_1,..\PawlensAI\scraped_images\dataset_1\img_513.jpg,fungal,0.40650151590470607
dataset_1,..\PawlensAI\scraped_images\dataset_1\img_514.jpg,wound,0.5206239812214424
dataset_1,..\PawlensAI\scraped_images\dataset_1\img_515.jpg,fungal,0.3145542912460515
dataset_1,..\PawlensAI\scraped_images\dataset_1\img_516.jpg,fungal,0.40810025668367866
dataset_1,..\PawlensAI\scraped_images\dataset_1\img_517.jpg,fungal,0.3087095986667293
dataset_1,..\PawlensAI\scraped_images\dataset_1\img_518.jpg,mange,0.4908698591614546
dataset_1,..\PawlensAI\scraped_images\dataset_1\img_519.jpg,mange,0.3711346882970291
dataset_1,..\PawlensAI\scraped_images\dataset_1\img_52.jpg,mange,0.8294499583072863
dataset_1,..\PawlensAI\scraped_images\dataset_1\img_520.jpg,wound,0.3858979477916212
dataset_1,..\PawlensAI\scraped_images\dataset_1\img_521.jpg,normal,0.42334982102245833
dataset_1,..\PawlensAI\scraped_images\dataset_1\img_522.jpg,other,0.30018159948381296
dataset_1,..\PawlensAI\scraped_images\dataset_1\img_523.jpg,normal,0.4492502186692879
dataset_1,..\PawlensAI\scraped_images\dataset_1\img_524.jpg,normal,0.7843055549335178
dataset_1,..\PawlensAI\scraped_images\dataset_1\img_525.jpg,normal,0.3278103866426877
dataset_1,..\PawlensAI\scraped_images\dataset_1\img_526.jpg,fungal,0.42130941040948405
dataset_1,..\PawlensAI\scraped_images\dataset_1\img_527.jpg,wound,0.28414011234729053
dataset_1,..\PawlensAI\scraped_images\dataset_1\img_528.jpg,fungal,0.33648720819069056
dataset_1,..\PawlensAI\scraped_images\dataset_1\img_529.jpg,fungal,0.830403832557781
dataset_1,..\PawlensAI\scraped_images\dataset_1\img_530.jpg,fungal,0.46013634385363805
dataset_1,..\PawlensAI\scraped_images\dataset_1\img_531.jpg,normal,0.3922753838482864
dataset_1,..\PawlensAI\scraped_images\dataset_1\img_532.jpg,fungal,0.45695191088806936
dataset_1,..\PawlensAI\scraped_images\dataset_1\img_533.jpg,fungal,0.36184048976469213
dataset_1,..\PawlensAI\scraped_images\dataset_1\img_534.jpg,fungal,0.6395367694926622
dataset_1,..\PawlensAI\scraped_images\dataset_1\img_535.jpg,fungal,0.4146204601698518
dataset_1,..\PawlensAI\scraped_images\dataset_1\img_536.jpg,normal,0.458533488450202
dataset_1,..\PawlensAI\scraped_images\dataset_1\img_537.jpg,fungal,0.2370017358381393
dataset_1,..\PawlensAI\scraped_images\dataset_1\img_538.jpg,other,0.634001603790461
dataset_1,..\PawlensAI\scraped_images\dataset_1\img_539.jpg,fungal,0.32172884287674425
dataset_1,..\PawlensAI\scraped_images\dataset_1\img_540.jpg,fungal,0.5487277458296281
dataset_1,..\PawlensAI\scraped_images\dataset_1\img_541.jpg,fungal,0.4396256715928885
dataset_1,..\PawlensAI\scraped_images\dataset_1\img_542.jpg,mange,0.4112633570431574
dataset_1,..\PawlensAI\scraped_images\dataset_1\img_543.jpg,normal,0.5015220606963235
dataset_1,..\PawlensAI\scraped_images\dataset_1\img_544.jpg,wound,0.33595405548363183
dataset_1,..\PawlensAI\scraped_images\dataset_1\img_545.jpg,mange,0.838321047316364
dataset_1,..\PawlensAI\scraped_images\dataset_1\img_546.jpg,fungal,0.4524417616484319
dataset_1,..\PawlensAI\scraped_images\dataset_1\img_547.jpg,mange,0.7966655134939442
dataset_1,..\PawlensAI\scraped_images\dataset_1\img_548.jpg,normal,0.8360160353813221
dataset_1,..\PawlensAI\scraped_images\dataset_1\img_549.jpg,mange,0.36707914683033355
dataset_1,..\PawlensAI\scraped_images\dataset_1\img_550.jpg,mange,0.3580922566506528
dataset_1,..\PawlensAI\scraped_images\dataset_1\img_551.jpg,bacterial,0.26261993318066074
dataset_1,..\PawlensAI\scraped_images\dataset_1\img_552.jpg,normal,0.3913077484035502
dataset_1,..\PawlensAI\scraped_images\dataset_1\img_553.jpg,fungal,0.40995104694328666
dataset_1,..\PawlensAI\scraped_images\dataset_1\img_56.jpg,fungal,0.2474132352648885
dataset_1,..\PawlensAI\scraped_images\dataset_1\img_560.jpg,normal,0.7117904255448267
dataset_1,..\PawlensAI\scraped_images\dataset_1\img_561.jpg,mange,0.3122571528679025
dataset_1,..\PawlensAI\scraped_images\dataset_1\img_562.jpg,fungal,0.3894505192213515
dataset_1,..\PawlensAI\scraped_images\dataset_1\img_563.jpg,wound,0.35047258958924693
dataset_1,..\PawlensAI\scraped_images\dataset_1\img_564.jpg,wound,0.3941160322033471
dataset_1,..\PawlensAI\scraped_images\dataset_1\img_565.jpg,normal,0.37262814586350906
dataset_1,..\PawlensAI\scraped_images\dataset_1\img_566.jpg,normal,0.6838024474147743
dataset_1,..\PawlensAI\scraped_images\dataset_1\img_567.jpg,mange,0.7273447063173272
dataset_1,..\PawlensAI\scraped_images\dataset_1\img_568.jpg,normal,0.7924913971170965
dataset_1,..\PawlensAI\scraped_images\dataset_1\img_569.jpg,fungal,0.84715155491877
dataset_1,..\PawlensAI\scraped_images\dataset_1\img_57.jpg,fungal,0.3591476534310551
dataset_1,..\PawlensAI\scraped_images\dataset_1\img_570.jpg,fungal,0.7980217443897502
dataset_1,..\PawlensAI\scraped_images\dataset_1\img_571.jpg,bacterial,0.3128701850239669
dataset_1,..\PawlensAI\scraped_images\dataset_1\img_572.jpg,fungal,0.5394943323707693
dataset_1,..\PawlensAI\scraped_images\dataset_1\img_573.jpg,fungal,0.6867960149428686
dataset_1,..\PawlensAI\scraped_images\dataset_1\img_574.jpg,fungal,0.8722091035276328
dataset_1,..\PawlensAI\scraped_images\dataset_1\img_575.jpg,mange,0.5718392201507947
dataset_1,..\PawlensAI\scraped_images\dataset_1\img_576.jpg,fungal,0.7176833049995276
dataset_1,..\PawlensAI\scraped_images\dataset_1\img_577.jpg,fungal,0.9068971229750321
dataset_1,..\PawlensAI\scraped_images\dataset_1\img_578.jpg,bacterial,0.4407670714097931
dataset_1,..\PawlensAI\scraped_images\dataset_1\img_579.jpg,fungal,0.4261884220250154
dataset_1,..\PawlensAI\scraped_images\dataset_1\img_58.jpg,normal,0.3752829516369764
dataset_1,..\PawlensAI\scraped_images\dataset_1\img_580.jpg,bacterial,0.46049282507229006
dataset_1,..\PawlensAI\scraped_images\dataset_1\img_581.jpg,mange,0.37138119654081697
dataset_1,..\PawlensAI\scraped_images\dataset_1\img_582.jpg,mange,0.37624694772726697
dataset_1,..\PawlensAI\scraped_images\dataset_1\img_583.jpg,fungal,0.7800070199485746
dataset_1,..\PawlensAI\scraped_images\dataset_1\img_584.jpg,wound,0.6188307602902083
dataset_1,..\PawlensAI\scraped_images\dataset_1\img_585.jpg,fungal,0.7155312747147378
dataset_1,..\PawlensAI\scraped_images\dataset_1\img_586.jpg,mange,0.3335686759531104
dataset_1,..\PawlensAI\scraped_images\dataset_1\img_587.jpg,wound,0.32096918767217564
dataset_1,..\PawlensAI\scraped_images\dataset_1\img_588.jpg,fungal,0.5720378238183429
dataset_1,..\PawlensAI\scraped_images\dataset_1\img_589.jpg,bacterial,0.38866426035580276
dataset_1,..\PawlensAI\scraped_images\dataset_1\img_59.jpg,mange,0.3652367034498526
dataset_1,..\PawlensAI\scraped_images\dataset_1\img_590.jpg,fungal,0.4249649972858697
dataset_1,..\PawlensAI\scraped_images\dataset_1\img_591.jpg,fungal,0.6845524853258831
dataset_1,..\PawlensAI\scraped_images\dataset_1\img_592.jpg,fungal,0.48701465925170384
dataset_1,..\PawlensAI\scraped_images\dataset_1\img_593.jpg,mange,0.7180885084571096
dataset_1,..\PawlensAI\scraped_images\dataset_1\img_594.jpg,fungal,0.7463684443255362
dataset_1,..\PawlensAI\scraped_images\dataset_1\img_595.jpg,wound,0.44549345418055447
dataset_1,..\PawlensAI\scraped_images\dataset_1\img_596.jpg,bacterial,0.3430799553261566
dataset_1,..\PawlensAI\scraped_images\dataset_1\img_597.jpg,mange,0.36332778986558667
dataset_1,..\PawlensAI\scraped_images\dataset_1\img_598.jpg,fungal,0.7567504055145081
dataset_1,..\PawlensAI\scraped_images\dataset_1\img_599.jpg,fungal,0.29031041808345853
dataset_1,..\PawlensAI\scraped_images\dataset_1\img_6.jpg,mange,0.6314566728296304
dataset_1,..\PawlensAI\scraped_images\dataset_1\img_60.jpg,normal,0.4218586481414098
dataset_1,..\PawlensAI\scraped_images\dataset_1\img_600.jpg,normal,0.28252573969135386
dataset_1,..\PawlensAI\scraped_images\dataset_1\img_601.jpg,fungal,0.4967457667697949
dataset_1,..\PawlensAI\scraped_images\dataset_1\img_602.jpg,fungal,0.9419063201111516
dataset_1,..\PawlensAI\scraped_images\dataset_1\img_603.jpg,normal,0.5637175089426594
dataset_1,..\PawlensAI\scraped_images\dataset_1\img_604.jpg,fungal,0.35107448898540566
dataset_1,..\PawlensAI\scraped_images\dataset_1\img_605.jpg,mange,0.8112446626921127
dataset_1,..\PawlensAI\scraped_images\dataset_1\img_606.jpg,allergy,0.31604304199163213
dataset_1,..\PawlensAI\scraped_images\dataset_1\img_607.jpg,other,0.40513736593820693
dataset_1,..\PawlensAI\scraped_images\dataset_1\img_608.jpg,mange,0.4144671509353764
dataset_1,..\PawlensAI\scraped_images\dataset_1\img_609.jpg,fungal,0.7462880070532603
dataset_1,..\PawlensAI\scraped_images\dataset_1\img_61.jpg,mange,0.8278612197187005
dataset_1,..\PawlensAI\scraped_images\dataset_1\img_616.jpg,wound,0.36368574378495505
dataset_1,..\PawlensAI\scraped_images\dataset_1\img_617.jpg,bacterial,0.49310470069825524
dataset_1,..\PawlensAI\scraped_images\dataset_1\img_618.jpg,fungal,0.8147843581898515
dataset_1,..\PawlensAI\scraped_images\dataset_1\img_619.jpg,fungal,0.7872344523329047
dataset_1,..\PawlensAI\scraped_images\dataset_1\img_62.jpg,fungal,0.28003902321599594
dataset_1,..\PawlensAI\scraped_images\dataset_1\img_620.jpg,bacterial,0.35485018039707644
dataset_1,..\PawlensAI\scraped_images\dataset_1\img_621.jpg,fungal,0.8047035670158066
dataset_1,..\PawlensAI\scraped_images\dataset_1\img_622.jpg,fungal,0.4438961733108847
dataset_1,..\PawlensAI\scraped_images\dataset_1\img_623.jpg,fungal,0.8845040929130062
dataset_1,..\PawlensAI\scraped_images\dataset_1\img_624.jpg,mange,0.4277128314390528
dataset_1,..\PawlensAI\scraped_images\dataset_1\img_625.jpg,mange,0.652930664845375
dataset_1,..\PawlensAI\scraped_images\dataset_1\img_626.jpg,mange,0.8738846028724891
dataset_1,..\PawlensAI\scraped_images\dataset_1\img_627.jpg,mange,0.6195631494021249
dataset_1,..\PawlensAI\scraped_images\dataset_1\img_628.jpg,mange,0.26453387218734503
dataset_1,..\PawlensAI\scraped_images\dataset_1\img_629.jpg,other,0.5067539119864675
dataset_1,..\PawlensAI\scraped_images\dataset_1\img_63.jpg,other,0.47845978643677706
dataset_1,..\PawlensAI\scraped_images\dataset_1\img_630.jpg,mange,0.7366436726647743
dataset_1,..\PawlensAI\scraped_images\dataset_1\img_631.jpg,wound,0.2724488634808033
dataset_1,..\PawlensAI\scraped_images\dataset_1\img_632.jpg,fungal,0.7698050017033076
dataset_1,..\PawlensAI\scraped_images\dataset_1\img_633.jpg,fungal,0.5518179454428408
dataset_1,..\PawlensAI\scraped_images\dataset_1\img_634.jpg,bacterial,0.5378216474997533
dataset_1,..\PawlensAI\scraped_images\dataset_1\img_635.jpg,fungal,0.6114544070335607
dataset_1,..\PawlensAI\scraped_images\dataset_1\img_636.jpg,normal,0.6070747713932355
dataset_1,..\PawlensAI\scraped_images\dataset_1\img_637.jpg,fungal,0.8650579372955919
dataset_1,..\PawlensAI\scraped_images\dataset_1\img_638.jpg,fungal,0.8077477451601996
dataset_1,..\PawlensAI\scraped_images\dataset_1\img_639.jpg,fungal,0.7940153494911129
dataset_1,..\PawlensAI\scraped_images\dataset_1\img_64.jpg,mange,0.4393362540652147
dataset_1,..\PawlensAI\scraped_images\dataset_1\img_640.jpg,bacterial,0.40863235924303026
dataset_1,..\PawlensAI\scraped_images\dataset_1\img_641.jpg,fungal,0.9015416005039625
dataset_1,..\PawlensAI\scraped_images\dataset_1\img_642.jpg,fungal,0.7040157806441529
dataset_1,..\PawlensAI\scraped_images\dataset_1\img_643.jpg,fungal,0.8860192967629182
dataset_1,..\PawlensAI\scraped_images\dataset_1\img_644.jpg,fungal,0.5134379001938891
dataset_1,..\PawlensAI\scraped_images\dataset_1\img_645.jpg,fungal,0.8742498907555578
dataset_1,..\PawlensAI\scraped_images\dataset_1\img_646.jpg,fungal,0.5641074541588084
dataset_1,..\PawlensAI\scraped_images\dataset_1\img_647.jpg,fungal,0.4120479710946296
dataset_1,..\PawlensAI\scraped_images\dataset_1\img_648.jpg,mange,0.2972732277680342
dataset_1,..\PawlensAI\scraped_images\dataset_1\img_649.jpg,fungal,0.7059640111847924
dataset_1,..\PawlensAI\scraped_images\dataset_1\img_65.jpg,normal,0.3434130109808804
dataset_1,..\PawlensAI\scraped_images\dataset_1\img_650.jpg,bacterial,0.3609527520240958
dataset_1,..\PawlensAI\scraped_images\dataset_1\img_651.jpg,fungal,0.7044682770196706
dataset_1,..\PawlensAI\scraped_images\dataset_1\img_652.jpg,fungal,0.8095786087459359
dataset_1,..\PawlensAI\scraped_images\dataset_1\img_653.jpg,fungal,0.42728881184660644
dataset_1,..\PawlensAI\scraped_images\dataset_1\img_654.jpg,fungal,0.7274046359120657
dataset_1,..\PawlensAI\scraped_images\dataset_1\img_655.jpg,bacterial,0.31064599935114573
dataset_1,..\PawlensAI\scraped_images\dataset_1\img_656.jpg,other,0.4085006849802333
dataset_1,..\PawlensAI\scraped_images\dataset_1\img_657.jpg,fungal,0.78097441409987
dataset_1,..\PawlensAI\scraped_images\dataset_1\img_658.jpg,fungal,0.5284534672316389
dataset_1,..\PawlensAI\scraped_images\dataset_1\img_659.jpg,wound,0.38626927772051983
dataset_1,..\PawlensAI\scraped_images\dataset_1\img_66.jpg,normal,0.4608337954979486
dataset_1,..\PawlensAI\scraped_images\dataset_1\img_660.jpg,fungal,0.45877814304580433
dataset_1,..\PawlensAI\scraped_images\dataset_1\img_661.jpg,fungal,0.7025804322958302
dataset_1,..\PawlensAI\scraped_images\dataset_1\img_662.jpg,fungal,0.5902993936196426
dataset_1,..\PawlensAI\scraped_images\dataset_1\img_663.jpg,fungal,0.391045110895995
dataset_1,..\PawlensAI\scraped_images\dataset_1\img_664.jpg,fungal,0.35087548868874424
dataset_1,..\PawlensAI\scraped_images\dataset_1\img_665.jpg,fungal,0.6585713897274004
dataset_1,..\PawlensAI\scraped_images\dataset_1\img_669.jpg,fungal,0.7553550650920725
dataset_1,..\PawlensAI\scraped_images\dataset_1\img_67.jpg,normal,0.25185807248977926
dataset_1,..\PawlensAI\scraped_images\dataset_1\img_670.jpg,fungal,0.4559737091549198
dataset_1,..\PawlensAI\scraped_images\dataset_1\img_671.jpg,bacterial,0.4906002108836108
dataset_1,..\PawlensAI\scraped_images\dataset_1\img_672.jpg,fungal,0.6938605311734157
dataset_1,..\PawlensAI\scraped_images\dataset_1\img_673.jpg,fungal,0.5088809208680686
dataset_1,..\PawlensAI\scraped_images\dataset_1\img_674.jpg,fungal,0.8920133945584356
dataset_1,..\PawlensAI\scraped_images\dataset_1\img_675.jpg,fungal,0.5544092693186481
dataset_1,..\PawlensAI\scraped_images\dataset_1\img_676.jpg,fungal,0.8716529117252202
dataset_1,..\PawlensAI\scraped_images\dataset_1\img_677.jpg,allergy,0.41772491887352314
dataset_1,..\PawlensAI\scraped_images\dataset_1\img_678.jpg,mange,0.28971292964897416
dataset_1,..\PawlensAI\scraped_images\dataset_1\img_679.jpg,fungal,0.4442294908301341
dataset_1,..\PawlensAI\scraped_images\dataset_1\img_68.jpg,normal,0.6521014058602109
dataset_1,..\PawlensAI\scraped_images\dataset_1\img_680.jpg,fungal,0.7730387982263027
dataset_1,..\PawlensAI\scraped_images\dataset_1\img_681.jpg,fungal,0.41335329681666655
dataset_1,..\PawlensAI\scraped_images\dataset_1\img_682.jpg,fungal,0.30729362319052295
dataset_1,..\PawlensAI\scraped_images\dataset_1\img_683.jpg,bacterial,0.4543913738290048
dataset_1,..\PawlensAI\scraped_images\dataset_1\img_684.jpg,other,0.31973507791930295
dataset_1,..\PawlensAI\scraped_images\dataset_1\img_685.jpg,wound,0.5096417503143941
dataset_1,..\PawlensAI\scraped_images\dataset_1\img_686.jpg,wound,0.5144001208719806
dataset_1,..\PawlensAI\scraped_images\dataset_1\img_687.jpg,wound,0.5281801174177296
dataset_1,..\PawlensAI\scraped_images\dataset_1\img_688.jpg,fungal,0.616013359979764
dataset_1,..\PawlensAI\scraped_images\dataset_1\img_689.jpg,fungal,0.3830938355970689
dataset_1,..\PawlensAI\scraped_images\dataset_1\img_69.jpg,normal,0.6624754033280138
dataset_1,..\PawlensAI\scraped_images\dataset_1\img_690.jpg,mange,0.8543889815233835
dataset_1,..\PawlensAI\scraped_images\dataset_1\img_691.jpg,allergy,0.28921962427468556
dataset_1,..\PawlensAI\scraped_images\dataset_1\img_692.jpg,mange,0.26109684297121577
dataset_1,..\PawlensAI\scraped_images\dataset_1\img_693.jpg,wound,0.7297129513387052
dataset_1,..\PawlensAI\scraped_images\dataset_1\img_694.jpg,bacterial,0.2175923224896171
dataset_1,..\PawlensAI\scraped_images\dataset_1\img_695.jpg,fungal,0.5579738837234595
dataset_1,..\PawlensAI\scraped_images\dataset_1\img_696.jpg,bacterial,0.5447212929076278
dataset_1,..\PawlensAI\scraped_images\dataset_1\img_697.jpg,bacterial,0.2914472063477187
dataset_1,..\PawlensAI\scraped_images\dataset_1\img_698.jpg,fungal,0.5760352544006437
dataset_1,..\PawlensAI\scraped_images\dataset_1\img_699.jpg,normal,0.4826237679601612
dataset_1,..\PawlensAI\scraped_images\dataset_1\img_7.jpg,normal,0.600149839635838
dataset_1,..\PawlensAI\scraped_images\dataset_1\img_70.jpg,fungal,0.30328834378223385
dataset_1,..\PawlensAI\scraped_images\dataset_1\img_700.jpg,bacterial,0.3263596727173567
dataset_1,..\PawlensAI\scraped_images\dataset_1\img_701.jpg,bacterial,0.5639662490078929
dataset_1,..\PawlensAI\scraped_images\dataset_1\img_702.jpg,other,0.7378530726961426
dataset_1,..\PawlensAI\scraped_images\dataset_1\img_703.jpg,mange,0.34667460603362776
dataset_1,..\PawlensAI\scraped_images\dataset_1\img_704.jpg,fungal,0.4409162426947464
dataset_1,..\PawlensAI\scraped_images\dataset_1\img_705.jpg,normal,0.4061965076156768
dataset_1,..\PawlensAI\scraped_images\dataset_1\img_706.jpg,wound,0.36084612211444667
dataset_1,..\PawlensAI\scraped_images\dataset_1\img_707.jpg,wound,0.44529483025379407
dataset_1,..\PawlensAI\scraped_images\dataset_1\img_708.jpg,normal,0.6801936712997724
dataset_1,..\PawlensAI\scraped_images\dataset_1\img_709.jpg,fungal,0.7354377637962833
dataset_1,..\PawlensAI\scraped_images\dataset_1\img_71.jpg,mange,0.3641025399807759
dataset_1,..\PawlensAI\scraped_images\dataset_1\img_710.jpg,fungal,0.21902737711689113
dataset_1,..\PawlensAI\scraped_images\dataset_1\img_711.jpg,bacterial,0.36429403836791624
dataset_1,..\PawlensAI\scraped_images\dataset_1\img_712.jpg,bacterial,0.3193032757459581
dataset_1,..\PawlensAI\scraped_images\dataset_1\img_713.jpg,wound,0.23782331693644065
dataset_1,..\PawlensAI\scraped_images\dataset_1\img_714.jpg,normal,0.4954691185193311
dataset_1,..\PawlensAI\scraped_images\dataset_1\img_715.jpg,other,0.29060564988285253
dataset_1,..\PawlensAI\scraped_images\dataset_1\img_716.jpg,wound,0.43662757895723636
dataset_1,..\PawlensAI\scraped_images\dataset_1\img_717.jpg,bacterial,0.2983267677032139
dataset_1,..\PawlensAI\scraped_images\dataset_1\img_718.jpg,bacterial,0.3570698891139254
dataset_1,..\PawlensAI\scraped_images\dataset_1\img_72.jpg,mange,0.5012266566092153
dataset_1,..\PawlensAI\scraped_images\dataset_1\img_725.jpg,fungal,0.4250517294990338
dataset_1,..\PawlensAI\scraped_images\dataset_1\img_726.jpg,wound,0.33266191098885844
dataset_1,..\PawlensAI\scraped_images\dataset_1\img_727.jpg,wound,0.4178818479087792
dataset_1,..\PawlensAI\scraped_images\dataset_1\img_728.jpg,fungal,0.5481916301065847
dataset_1,..\PawlensAI\scraped_images\dataset_1\img_729.jpg,normal,0.44695937756418797
dataset_1,..\PawlensAI\scraped_images\dataset_1\img_73.jpg,normal,0.5088221974163301
dataset_1,..\PawlensAI\scraped_images\dataset_1\img_730.jpg,fungal,0.45045249237226886
dataset_1,..\PawlensAI\scraped_images\dataset_1\img_731.jpg,fungal,0.42245449833035636
dataset_1,..\PawlensAI\scraped_images\dataset_1\img_732.jpg,other,0.603915341158044
dataset_1,..\PawlensAI\scraped_images\dataset_1\img_733.jpg,fungal,0.6461862141541707
dataset_1,..\PawlensAI\scraped_images\dataset_1\img_734.jpg,fungal,0.5344767048475277
dataset_1,..\PawlensAI\scraped_images\dataset_1\img_735.jpg,fungal,0.2900005139130922
dataset_1,..\PawlensAI\scraped_images\dataset_1\img_736.jpg,mange,0.7924153766466591
dataset_1,..\PawlensAI\scraped_images\dataset_1\img_737.jpg,mange,0.7034676815945028
dataset_1,..\PawlensAI\scraped_images\dataset_1\img_738.jpg,mange,0.8134945935150948
dataset_1,..\PawlensAI\scraped_images\dataset_1\img_739.jpg,allergy,0.3820317237924697
dataset_1,..\PawlensAI\scraped_images\dataset_1\img_74.jpg,normal,0.84523507552967
dataset_1,..\PawlensAI\scraped_images\dataset_1\img_740.jpg,mange,0.655082170005339
dataset_1,..\PawlensAI\scraped_images\dataset_1\img_741.jpg,fungal,0.35401553168516875
dataset_1,..\PawlensAI\scraped_images\dataset_1\img_742.jpg,other,0.36291225941929395
dataset_1,..\PawlensAI\scraped_images\dataset_1\img_743.jpg,mange,0.5168968421584249
dataset_1,..\PawlensAI\scraped_images\dataset_1\img_744.jpg,bacterial,0.3264229301238786
dataset_1,..\PawlensAI\scraped_images\dataset_1\img_745.jpg,mange,0.7314262562990349
dataset_1,..\PawlensAI\scraped_images\dataset_1\img_746.jpg,bacterial,0.4833150688843253
dataset_1,..\PawlensAI\scraped_images\dataset_1\img_747.jpg,mange,0.37773031227203563
dataset_1,..\PawlensAI\scraped_images\dataset_1\img_748.jpg,mange,0.8351777182236877
dataset_1,..\PawlensAI\scraped_images\dataset_1\img_749.jpg,mange,0.4246296932023577
dataset_1,..\PawlensAI\scraped_images\dataset_1\img_75.jpg,fungal,0.3109571865298828
dataset_1,..\PawlensAI\scraped_images\dataset_1\img_750.jpg,mange,0.39098458126903224
dataset_1,..\PawlensAI\scraped_images\dataset_1\img_751.jpg,wound,0.2784039011104222
dataset_1,..\PawlensAI\scraped_images\dataset_1\img_752.jpg,bacterial,0.344588290986931
dataset_1,..\PawlensAI\scraped_images\dataset_1\img_753.jpg,mange,0.5123207177046294
dataset_1,..\PawlensAI\scraped_images\dataset_1\img_754.jpg,mange,0.8654539834877242
dataset_1,..\PawlensAI\scraped_images\dataset_1\img_755.jpg,mange,0.4826476180146986
dataset_1,..\PawlensAI\scraped_images\dataset_1\img_756.jpg,mange,0.7070249536990095
dataset_1,..\PawlensAI\scraped_images\dataset_1\img_757.jpg,mange,0.6611441784685272
dataset_1,..\PawlensAI\scraped_images\dataset_1\img_758.jpg,mange,0.34192209213900226
dataset_1,..\PawlensAI\scraped_images\dataset_1\img_759.jpg,fungal,0.3688782521325062
dataset_1,..\PawlensAI\scraped_images\dataset_1\img_76.jpg,normal,0.9379574016980845
dataset_1,..\PawlensAI\scraped_images\dataset_1\img_760.jpg,mange,0.879819265374222
dataset_1,..\PawlensAI\scraped_images\dataset_1\img_761.jpg,mange,0.8990978203794989
dataset_1,..\PawlensAI\scraped_images\dataset_1\img_762.jpg,mange,0.445794836776528
dataset_1,..\PawlensAI\scraped_images\dataset_1\img_763.jpg,bacterial,0.6284302291912732
dataset_1,..\PawlensAI\scraped_images\dataset_1\img_764.jpg,bacterial,0.411067902988872
dataset_1,..\PawlensAI\scraped_images\dataset_1\img_765.jpg,fungal,0.2663212238128887
dataset_1,..\PawlensAI\scraped_images\dataset_1\img_766.jpg,fungal,0.2807184888678049
dataset_1,..\PawlensAI\scraped_images\dataset_1\img_767.jpg,normal,0.7457956963275704
dataset_1,..\PawlensAI\scraped_images\dataset_1\img_768.jpg,normal,0.6466689895371378
dataset_1,..\PawlensAI\scraped_images\dataset_1\img_769.jpg,fungal,0.3784499105966356
dataset_1,..\PawlensAI\scraped_images\dataset_1\img_77.jpg,normal,0.799312008387604
dataset_1,..\PawlensAI\scraped_images\dataset_1\img_770.jpg,fungal,0.46226840978856576
dataset_1,..\PawlensAI\scraped_images\dataset_1\img_771.jpg,mange,0.25720274868325327
dataset_1,..\PawlensAI\scraped_images\dataset_1\img_772.jpg,fungal,0.5854760566929667
dataset_1,..\PawlensAI\scraped_images\dataset_1\img_773.jpg,wound,0.4519301548829656
dataset_1,..\PawlensAI\scraped_images\dataset_1\img_774.jpg,fungal,0.685969132134055
dataset_1,..\PawlensAI\scraped_images\dataset_1\img_78.jpg,normal,0.6266048417113854
dataset_1,..\PawlensAI\scraped_images\dataset_1\img_781.jpg,mange,0.695910613411737
dataset_1,..\PawlensAI\scraped_images\dataset_1\img_782.jpg,mange,0.9155130226549345
dataset_1,..\PawlensAI\scraped_images\dataset_1\img_783.jpg,mange,0.7362773124485243
dataset_1,..\PawlensAI\scraped_images\dataset_1\img_784.jpg,mange,0.8623237639349411
dataset_1,..\PawlensAI\scraped_images\dataset_1\img_785.jpg,mange,0.6995596491112568
dataset_1,..\PawlensAI\scraped_images\dataset_1\img_786.jpg,fungal,0.36330225486413564
dataset_1,..\PawlensAI\scraped_images\dataset_1\img_787.jpg,mange,0.5220481455156084
dataset_1,..\PawlensAI\scraped_images\dataset_1\img_788.jpg,mange,0.8672437461225072
dataset_1,..\PawlensAI\scraped_images\dataset_1\img_789.jpg,mange,0.8488848941979386
dataset_1,..\PawlensAI\scraped_images\dataset_1\img_79.jpg,normal,0.8007732348066675
dataset_1,..\PawlensAI\scraped_images\dataset_1\img_790.jpg,mange,0.322659072216564
dataset_1,..\PawlensAI\scraped_images\dataset_1\img_791.jpg,normal,0.3380533729638653
dataset_1,..\PawlensAI\scraped_images\dataset_1\img_792.jpg,wound,0.24070572803617313
dataset_1,..\PawlensAI\scraped_images\dataset_1\img_793.jpg,fungal,0.5473071819700325
dataset_1,..\PawlensAI\scraped_images\dataset_1\img_794.jpg,fungal,0.489745701942823
dataset_1,..\PawlensAI\scraped_images\dataset_1\img_795.jpg,normal,0.5105267879773203
dataset_1,..\PawlensAI\scraped_images\dataset_1\img_796.jpg,fungal,0.5735878075232457
dataset_1,..\PawlensAI\scraped_images\dataset_1\img_797.jpg,normal,0.48592625792170896
dataset_1,..\PawlensAI\scraped_images\dataset_1\img_798.jpg,normal,0.47072839348302303
dataset_1,..\PawlensAI\scraped_images\dataset_1\img_799.jpg,other,0.2873977528022246
dataset_1,..\PawlensAI\scraped_images\dataset_1\img_8.jpg,normal,0.5096250010806253
dataset_1,..\PawlensAI\scraped_images\dataset_1\img_80.jpg,other,0.48394887676156334
dataset_1,..\PawlensAI\scraped_images\dataset_1\img_800.jpg,mange,0.3482592262377492
dataset_1,..\PawlensAI\scraped_images\dataset_1\img_801.jpg,other,0.4293721604425618
dataset_1,..\PawlensAI\scraped_images\dataset_1\img_802.jpg,fungal,0.40820064049569654
dataset_1,..\PawlensAI\scraped_images\dataset_1\img_803.jpg,normal,0.3535105779132343
dataset_1,..\PawlensAI\scraped_images\dataset_1\img_804.jpg,other,0.2688788966056098
dataset_1,..\PawlensAI\scraped_images\dataset_1\img_805.jpg,fungal,0.28873135434790154
dataset_1,..\PawlensAI\scraped_images\dataset_1\img_806.jpg,normal,0.6471712596777517
dataset_1,..\PawlensAI\scraped_images\dataset_1\img_807.jpg,other,0.41281698484406537
dataset_1,..\PawlensAI\scraped_images\dataset_1\img_808.jpg,normal,0.8488428201567413
dataset_1,..\PawlensAI\scraped_images\dataset_1\img_809.jpg,fungal,0.6093099113772045
dataset_1,..\PawlensAI\scraped_images\dataset_1\img_81.jpg,normal,0.462188899783024
dataset_1,..\PawlensAI\scraped_images\dataset_1\img_810.jpg,mange,0.5541946147494287
dataset_1,..\PawlensAI\scraped_images\dataset_1\img_811.jpg,normal,0.8575080906768431
dataset_1,..\PawlensAI\scraped_images\dataset_1\img_812.jpg,other,0.7666951590675867
dataset_1,..\PawlensAI\scraped_images\dataset_1\img_813.jpg,fungal,0.3075433215919112
dataset_1,..\PawlensAI\scraped_images\dataset_1\img_814.jpg,mange,0.2769773312502304
dataset_1,..\PawlensAI\scraped_images\dataset_1\img_815.jpg,other,0.23308791531086126
dataset_1,..\PawlensAI\scraped_images\dataset_1\img_816.jpg,other,0.40351817914585747
dataset_1,..\PawlensAI\scraped_images\dataset_1\img_817.jpg,normal,0.43328188224357805
dataset_1,..\PawlensAI\scraped_images\dataset_1\img_818.jpg,mange,0.8347607707203606
dataset_1,..\PawlensAI\scraped_images\dataset_1\img_819.jpg,fungal,0.7553396639225337
dataset_1,..\PawlensAI\scraped_images\dataset_1\img_82.jpg,wound,0.3835790468488219
dataset_1,..\PawlensAI\scraped_images\dataset_1\img_820.jpg,normal,0.7816879785927418
dataset_1,..\PawlensAI\scraped_images\dataset_1\img_821.jpg,normal,0.4366712785574211
dataset_1,..\PawlensAI\scraped_images\dataset_1\img_822.jpg,normal,0.43724307206739627
dataset_1,..\PawlensAI\scraped_images\dataset_1\img_823.jpg,fungal,0.420208590689224
dataset_1,..\PawlensAI\scraped_images\dataset_1\img_824.jpg,other,0.8518393137669844
dataset_1,..\PawlensAI\scraped_images\dataset_1\img_825.jpg,other,0.3484261427753428
dataset_1,..\PawlensAI\scraped_images\dataset_1\img_826.jpg,normal,0.2511793049593956
dataset_1,..\PawlensAI\scraped_images\dataset_1\img_827.jpg,fungal,0.4152461848655838
dataset_1,..\PawlensAI\scraped_images\dataset_1\img_828.jpg,normal,0.33675415904674155
dataset_1,..\PawlensAI\scraped_images\dataset_1\img_829.jpg,normal,0.43063275111874416
dataset_1,..\PawlensAI\scraped_images\dataset_1\img_83.jpg,other,0.3849839922308469
dataset_1,..\PawlensAI\scraped_images\dataset_1\img_830.jpg,fungal,0.2949541968415236
dataset_1,..\PawlensAI\scraped_images\dataset_1\img_834.jpg,fungal,0.43057911897531476
dataset_1,..\PawlensAI\scraped_images\dataset_1\img_835.jpg,normal,0.5507254217602944
dataset_1,..\PawlensAI\scraped_images\dataset_1\img_836.jpg,normal,0.4034160088782599
dataset_1,..\PawlensAI\scraped_images\dataset_1\img_837.jpg,other,0.46926694403341973
dataset_1,..\PawlensAI\scraped_images\dataset_1\img_838.jpg,wound,0.4505138060354068
dataset_1,..\PawlensAI\scraped_images\dataset_1\img_839.jpg,fungal,0.4022847602308403
dataset_1,..\PawlensAI\scraped_images\dataset_1\img_84.jpg,fungal,0.28459349568380515
dataset_1,..\PawlensAI\scraped_images\dataset_1\img_840.jpg,normal,0.40833312812416983
dataset_1,..\PawlensAI\scraped_images\dataset_1\img_841.jpg,fungal,0.2687718119736942
dataset_1,..\PawlensAI\scraped_images\dataset_1\img_842.jpg,bacterial,0.2105125431955315
dataset_1,..\PawlensAI\scraped_images\dataset_1\img_843.jpg,normal,0.9274226516100188
dataset_1,..\PawlensAI\scraped_images\dataset_1\img_844.jpg,fungal,0.4956089374159447
dataset_1,..\PawlensAI\scraped_images\dataset_1\img_845.jpg,normal,0.8905731145760584
dataset_1,..\PawlensAI\scraped_images\dataset_1\img_846.jpg,normal,0.7547771216753533
dataset_1,..\PawlensAI\scraped_images\dataset_1\img_847.jpg,normal,0.6165527239231084
dataset_1,..\PawlensAI\scraped_images\dataset_1\img_848.jpg,normal,0.6429872738981179
dataset_1,..\PawlensAI\scraped_images\dataset_1\img_849.jpg,normal,0.7859185195657037
dataset_1,..\PawlensAI\scraped_images\dataset_1\img_85.jpg,normal,0.42614753742771005
dataset_1,..\PawlensAI\scraped_images\dataset_1\img_850.jpg,normal,0.5816491373675179
dataset_1,..\PawlensAI\scraped_images\dataset_1\img_851.jpg,fungal,0.28400658441343546
dataset_1,..\PawlensAI\scraped_images\dataset_1\img_852.jpg,fungal,0.4106636571861524
dataset_1,..\PawlensAI\scraped_images\dataset_1\img_853.jpg,fungal,0.4951430519870517
dataset_1,..\PawlensAI\scraped_images\dataset_1\img_854.jpg,fungal,0.29392333602507814
dataset_1,..\PawlensAI\scraped_images\dataset_1\img_855.jpg,normal,0.6148723993413253
dataset_1,..\PawlensAI\scraped_images\dataset_1\img_856.jpg,fungal,0.26524392729227975
dataset_1,..\PawlensAI\scraped_images\dataset_1\img_857.jpg,fungal,0.5023314045744486
dataset_1,..\PawlensAI\scraped_images\dataset_1\img_858.jpg,mange,0.26718631536784826
dataset_1,..\PawlensAI\scraped_images\dataset_1\img_859.jpg,normal,0.7513644329282508
dataset_1,..\PawlensAI\scraped_images\dataset_1\img_86.jpg,other,0.2796289225249585
dataset_1,..\PawlensAI\scraped_images\dataset_1\img_860.jpg,fungal,0.4228822606366765
dataset_1,..\PawlensAI\scraped_images\dataset_1\img_861.jpg,other,0.49912114148903663
dataset_1,..\PawlensAI\scraped_images\dataset_1\img_862.jpg,fungal,0.6077469057809435
dataset_1,..\PawlensAI\scraped_images\dataset_1\img_863.jpg,bacterial,0.32094071269648616
dataset_1,..\PawlensAI\scraped_images\dataset_1\img_864.jpg,fungal,0.35660171681345787
dataset_1,..\PawlensAI\scraped_images\dataset_1\img_865.jpg,normal,0.5940066509974187
dataset_1,..\PawlensAI\scraped_images\dataset_1\img_866.jpg,wound,0.5044977281764826
dataset_1,..\PawlensAI\scraped_images\dataset_1\img_867.jpg,fungal,0.608467750671327
dataset_1,..\PawlensAI\scraped_images\dataset_1\img_868.jpg,normal,0.852808200901227
dataset_1,..\PawlensAI\scraped_images\dataset_1\img_869.jpg,mange,0.494955243098139
dataset_1,..\PawlensAI\scraped_images\dataset_1\img_87.jpg,normal,0.7701945594271483
dataset_1,..\PawlensAI\scraped_images\dataset_1\img_870.jpg,normal,0.2565014155991059
dataset_1,..\PawlensAI\scraped_images\dataset_1\img_871.jpg,fungal,0.303325834344988
dataset_1,..\PawlensAI\scraped_images\dataset_1\img_872.jpg,fungal,0.5237028124866872
dataset_1,..\PawlensAI\scraped_images\dataset_1\img_873.jpg,normal,0.9015698991752746
dataset_1,..\PawlensAI\scraped_images\dataset_1\img_874.jpg,mange,0.6309296168978615
dataset_1,..\PawlensAI\scraped_images\dataset_1\img_875.jpg,other,0.25990862783607976
dataset_1,..\PawlensAI\scraped_images\dataset_1\img_876.jpg,fungal,0.6600857699919922
dataset_1,..\PawlensAI\scraped_images\dataset_1\img_877.jpg,fungal,0.44200854552853036
dataset_1,..\PawlensAI\scraped_images\dataset_1\img_878.jpg,mange,0.4623358149323474
dataset_1,..\PawlensAI\scraped_images\dataset_1\img_879.jpg,normal,0.8674263932133672
dataset_1,..\PawlensAI\scraped_images\dataset_1\img_88.jpg,normal,0.3500024052338156
dataset_1,..\PawlensAI\scraped_images\dataset_1\img_880.jpg,mange,0.4381534948380515
dataset_1,..\PawlensAI\scraped_images\dataset_1\img_881.jpg,fungal,0.4345312204383312
dataset_1,..\PawlensAI\scraped_images\dataset_1\img_882.jpg,fungal,0.4782406262762336
dataset_1,..\PawlensAI\scraped_images\dataset_1\img_883.jpg,fungal,0.48528148040106794
dataset_1,..\PawlensAI\scraped_images\dataset_1\img_89.jpg,fungal,0.3173339431459256
dataset_1,..\PawlensAI\scraped_images\dataset_1\img_890.jpg,other,0.25772715986431693
dataset_1,..\PawlensAI\scraped_images\dataset_1\img_891.jpg,fungal,0.3915567290352407
dataset_1,..\PawlensAI\scraped_images\dataset_1\img_892.jpg,mange,0.8917988598422383
dataset_1,..\PawlensAI\scraped_images\dataset_1\img_893.jpg,fungal,0.34870716213989167
dataset_1,..\PawlensAI\scraped_images\dataset_1\img_894.jpg,mange,0.5748969082745302
dataset_1,..\PawlensAI\scraped_images\dataset_1\img_895.jpg,normal,0.3385451220407736
dataset_1,..\PawlensAI\scraped_images\dataset_1\img_896.jpg,normal,0.5824421157689174
dataset_1,..\PawlensAI\scraped_images\dataset_1\img_897.jpg,mange,0.22725819399552727
dataset_1,..\PawlensAI\scraped_images\dataset_1\img_898.jpg,normal,0.4751344358900252
dataset_1,..\PawlensAI\scraped_images\dataset_1\img_899.jpg,normal,0.5497544530084241
dataset_1,..\PawlensAI\scraped_images\dataset_1\img_9.jpg,normal,0.5000472497246051
dataset_1,..\PawlensAI\scraped_images\dataset_1\img_90.jpg,fungal,0.6423610428813684
dataset_1,..\PawlensAI\scraped_images\dataset_1\img_900.jpg,fungal,0.4680898004470965
dataset_1,..\PawlensAI\scraped_images\dataset_1\img_901.jpg,fungal,0.582887085015225
dataset_1,..\PawlensAI\scraped_images\dataset_1\img_902.jpg,normal,0.29837849135334765
dataset_1,..\PawlensAI\scraped_images\dataset_1\img_903.jpg,normal,0.6119764964645913
dataset_1,..\PawlensAI\scraped_images\dataset_1\img_904.jpg,mange,0.7994475173663111
dataset_1,..\PawlensAI\scraped_images\dataset_1\img_905.jpg,normal,0.43974854102487865
dataset_1,..\PawlensAI\scraped_images\dataset_1\img_906.jpg,mange,0.39978901539263156
dataset_1,..\PawlensAI\scraped_images\dataset_1\img_907.jpg,fungal,0.27104511415558746
dataset_1,..\PawlensAI\scraped_images\dataset_1\img_908.jpg,normal,0.5297672715499353
dataset_1,..\PawlensAI\scraped_images\dataset_1\img_909.jpg,mange,0.47324315094923974
dataset_1,..\PawlensAI\scraped_images\dataset_1\img_91.jpg,normal,0.48902949915694366
dataset_1,..\PawlensAI\scraped_images\dataset_1\img_910.jpg,mange,0.6026175291516273
dataset_1,..\PawlensAI\scraped_images\dataset_1\img_911.jpg,fungal,0.46176064744507844
dataset_1,..\PawlensAI\scraped_images\dataset_1\img_912.jpg,normal,0.3433446312890583
dataset_1,..\PawlensAI\scraped_images\dataset_1\img_913.jpg,fungal,0.5763144090711323
dataset_1,..\PawlensAI\scraped_images\dataset_1\img_914.jpg,mange,0.5933357275867605
dataset_1,..\PawlensAI\scraped_images\dataset_1\img_915.jpg,normal,0.3960454394985625
dataset_1,..\PawlensAI\scraped_images\dataset_1\img_916.jpg,normal,0.36556411475579514
dataset_1,..\PawlensAI\scraped_images\dataset_1\img_917.jpg,wound,0.23086370586376254
dataset_1,..\PawlensAI\scraped_images\dataset_1\img_918.jpg,normal,0.5066929705686656
dataset_1,..\PawlensAI\scraped_images\dataset_1\img_919.jpg,mange,0.48155208356599905
dataset_1,..\PawlensAI\scraped_images\dataset_1\img_92.jpg,fungal,0.7936750424085328
dataset_1,..\PawlensAI\scraped_images\dataset_1\img_920.jpg,mange,0.7291058105006176
dataset_1,..\PawlensAI\scraped_images\dataset_1\img_921.jpg,normal,0.34966408884677397
dataset_1,..\PawlensAI\scraped_images\dataset_1\img_922.jpg,normal,0.5976348749491162
dataset_1,..\PawlensAI\scraped_images\dataset_1\img_923.jpg,fungal,0.5811929819548066
dataset_1,..\PawlensAI\scraped_images\dataset_1\img_924.jpg,normal,0.857712814325441
dataset_1,..\PawlensAI\scraped_images\dataset_1\img_925.jpg,normal,0.3761398633490871
dataset_1,..\PawlensAI\scraped_images\dataset_1\img_926.jpg,mange,0.30438439703006726
dataset_1,..\PawlensAI\scraped_images\dataset_1\img_927.jpg,fungal,0.4687822440494858
dataset_1,..\PawlensAI\scraped_images\dataset_1\img_928.jpg,mange,0.5869812388568715
dataset_1,..\PawlensAI\scraped_images\dataset_1\img_929.jpg,other,0.48716120634522886
dataset_1,..\PawlensAI\scraped_images\dataset_1\img_93.jpg,fungal,0.8084869376945228
dataset_1,..\PawlensAI\scraped_images\dataset_1\img_930.jpg,fungal,0.4320461520663715
dataset_1,..\PawlensAI\scraped_images\dataset_1\img_931.jpg,other,0.26658620237764585
dataset_1,..\PawlensAI\scraped_images\dataset_1\img_932.jpg,wound,0.33238255107156534
dataset_1,..\PawlensAI\scraped_images\dataset_1\img_933.jpg,normal,0.6112640492446789
dataset_1,..\PawlensAI\scraped_images\dataset_1\img_934.jpg,normal,0.4435116831836954
dataset_1,..\PawlensAI\scraped_images\dataset_1\img_935.jpg,normal,0.8633265355759219
dataset_1,..\PawlensAI\scraped_images\dataset_1\img_936.jpg,normal,0.44988877880065903
dataset_1,..\PawlensAI\scraped_images\dataset_1\img_937.jpg,mange,0.4737613416533261
dataset_1,..\PawlensAI\scraped_images\dataset_1\img_938.jpg,other,0.6914155633969875
dataset_1,..\PawlensAI\scraped_images\dataset_1\img_939.jpg,mange,0.7583336895649138
dataset_1,..\PawlensAI\scraped_images\dataset_1\img_94.jpg,allergy,0.21695572863615323
dataset_1,..\PawlensAI\scraped_images\dataset_1\img_943.jpg,fungal,0.6287151173036174
dataset_1,..\PawlensAI\scraped_images\dataset_1\img_944.jpg,fungal,0.4725334489159165
dataset_1,..\PawlensAI\scraped_images\dataset_1\img_945.jpg,fungal,0.2956947573686579
dataset_1,..\PawlensAI\scraped_images\dataset_1\img_946.jpg,fungal,0.5587271372941112
dataset_1,..\PawlensAI\scraped_images\dataset_1\img_947.jpg,fungal,0.3210126607902818
dataset_1,..\PawlensAI\scraped_images\dataset_1\img_948.jpg,normal,0.7138376747549775
dataset_1,..\PawlensAI\scraped_images\dataset_1\img_949.jpg,fungal,0.439698313762452
dataset_1,..\PawlensAI\scraped_images\dataset_1\img_95.jpg,fungal,0.24889515758361572
dataset_1,..\PawlensAI\scraped_images\dataset_1\img_950.jpg,normal,0.504564110293247
dataset_1,..\PawlensAI\scraped_images\dataset_1\img_951.jpg,normal,0.40145958764956036
dataset_1,..\PawlensAI\scraped_images\dataset_1\img_952.jpg,fungal,0.5839766523098441
dataset_1,..\PawlensAI\scraped_images\dataset_1\img_953.jpg,fungal,0.3431551487110992
dataset_1,..\PawlensAI\scraped_images\dataset_1\img_954.jpg,normal,0.5708851994686395
dataset_1,..\PawlensAI\scraped_images\dataset_1\img_955.jpg,fungal,0.609445743637596
dataset_1,..\PawlensAI\scraped_images\dataset_1\img_956.jpg,fungal,0.32804522269139136
dataset_1,..\PawlensAI\scraped_images\dataset_1\img_957.jpg,fungal,0.4535532173034466
dataset_1,..\PawlensAI\scraped_images\dataset_1\img_958.jpg,normal,0.60348887452114
dataset_1,..\PawlensAI\scraped_images\dataset_1\img_959.jpg,fungal,0.5712486023581256
dataset_1,..\PawlensAI\scraped_images\dataset_1\img_96.jpg,normal,0.3013364271615262
dataset_1,..\PawlensAI\scraped_images\dataset_1\img_960.jpg,fungal,0.3463356483773936
dataset_1,..\PawlensAI\scraped_images\dataset_1\img_961.jpg,normal,0.6521817921021348
dataset_1,..\PawlensAI\scraped_images\dataset_1\img_962.jpg,other,0.26014193670585745
dataset_1,..\PawlensAI\scraped_images\dataset_1\img_963.jpg,normal,0.9710398403328521
dataset_1,..\PawlensAI\scraped_images\dataset_1\img_964.jpg,mange,0.19206660597865133
dataset_1,..\PawlensAI\scraped_images\dataset_1\img_965.jpg,bacterial,0.2520455049942434
dataset_1,..\PawlensAI\scraped_images\dataset_1\img_966.jpg,fungal,0.4726409747255284
dataset_1,..\PawlensAI\scraped_images\dataset_1\img_967.jpg,normal,0.5914365774029495
dataset_1,..\PawlensAI\scraped_images\dataset_1\img_968.jpg,fungal,0.28323516161921614
dataset_1,..\PawlensAI\scraped_images\dataset_1\img_969.jpg,normal,0.6016462976342947
dataset_1,..\PawlensAI\scraped_images\dataset_1\img_97.jpg,other,0.49344666261992803
dataset_1,..\PawlensAI\scraped_images\dataset_1\img_970.jpg,normal,0.4325158481251835
dataset_1,..\PawlensAI\scraped_images\dataset_1\img_971.jpg,normal,0.45812625253990197
dataset_1,..\PawlensAI\scraped_images\dataset_1\img_972.jpg,mange,0.3673221922047028
dataset_1,..\PawlensAI\scraped_images\dataset_1\img_973.jpg,normal,0.43787591567147444
dataset_1,..\PawlensAI\scraped_images\dataset_1\img_974.jpg,bacterial,0.2077634850300006
dataset_1,..\PawlensAI\scraped_images\dataset_1\img_975.jpg,normal,0.3291609390788969
dataset_1,..\PawlensAI\scraped_images\dataset_1\img_976.jpg,other,0.3224753837741166
dataset_1,..\PawlensAI\scraped_images\dataset_1\img_977.jpg,normal,0.45286753369988647
dataset_1,..\PawlensAI\scraped_images\dataset_1\img_978.jpg,normal,0.3326922008221532
dataset_1,..\PawlensAI\scraped_images\dataset_1\img_979.jpg,fungal,0.31284464047568045
dataset_1,..\PawlensAI\scraped_images\dataset_1\img_98.jpg,mange,0.5979870833531503
dataset_1,..\PawlensAI\scraped_images\dataset_1\img_980.jpg,normal,0.7265763122207799
dataset_1,..\PawlensAI\scraped_images\dataset_1\img_981.jpg,other,0.7581322154760456
dataset_1,..\PawlensAI\scraped_images\dataset_1\img_982.jpg,normal,0.3541425931363886
dataset_1,..\PawlensAI\scraped_images\dataset_1\img_983.jpg,fungal,0.6267471448406653
dataset_1,..\PawlensAI\scraped_images\dataset_1\img_984.jpg,fungal,0.5668022489996758
dataset_1,..\PawlensAI\scraped_images\dataset_1\img_985.jpg,normal,0.33821011554544017
dataset_1,..\PawlensAI\scraped_images\dataset_1\img_986.jpg,fungal,0.3895449339149815
dataset_1,..\PawlensAI\scraped_images\dataset_1\img_987.jpg,normal,0.45672180054924977
dataset_1,..\PawlensAI\scraped_images\dataset_1\img_988.jpg,other,0.36480966222955874
dataset_1,..\PawlensAI\scraped_images\dataset_1\img_989.jpg,fungal,0.43199177967005803
dataset_1,..\PawlensAI\scraped_images\dataset_1\img_99.jpg,normal,0.6575667995909777
dataset_1,..\PawlensAI\scraped_images\dataset_1\img_990.jpg,other,0.36180619303879885
dataset_1,..\PawlensAI\scraped_images\dataset_1\img_991.jpg,normal,0.5879583677350342
dataset_1,..\PawlensAI\scraped_images\dataset_1\img_992.jpg,other,0.5020424906486639
dataset_1,..\PawlensAI\scraped_images\dataset_1\img_996.jpg,fungal,0.32212406440711516
dataset_1,..\PawlensAI\scraped_images\dataset_1\img_997.jpg,fungal,0.46666385711486147
dataset_1,..\PawlensAI\scraped_images\dataset_1\img_998.jpg,other,0.4245575082252684
dataset_1,..\PawlensAI\scraped_images\dataset_1\img_999.jpg,fungal,0.29926895864147324
dataset_2,..\PawlensAI\scraped_images\dataset_2\img_10.jpg,allergy,0.4369119231891333
dataset_2,..\PawlensAI\scraped_images\dataset_2\img_100.jpg,fungal,0.565634111977559
dataset_2,..\PawlensAI\scraped_images\dataset_2\img_101.jpg,bacterial,0.19916217771020478
dataset_2,..\PawlensAI\scraped_images\dataset_2\img_102.jpg,other,0.26819670336656887
dataset_2,..\PawlensAI\scraped_images\dataset_2\img_103.jpg,fungal,0.5895363713184285
dataset_2,..\PawlensAI\scraped_images\dataset_2\img_104.jpg,mange,0.6388042053429024
dataset_2,..\PawlensAI\scraped_images\dataset_2\img_105.jpg,fungal,0.4222672674330044
dataset_2,..\PawlensAI\scraped_images\dataset_2\img_106.jpg,fungal,0.31408965272942063
dataset_2,..\PawlensAI\scraped_images\dataset_2\img_107.jpg,other,0.4818258535963997
dataset_2,..\PawlensAI\scraped_images\dataset_2\img_108.jpg,wound,0.3560737909729214
dataset_2,..\PawlensAI\scraped_images\dataset_2\img_11.jpg,allergy,0.35815955102540314
dataset_2,..\PawlensAI\scraped_images\dataset_2\img_115.jpg,normal,0.5026740757885397
dataset_2,..\PawlensAI\scraped_images\dataset_2\img_116.jpg,mange,0.31355358621893537
dataset_2,..\PawlensAI\scraped_images\dataset_2\img_117.jpg,mange,0.5456817497256613
dataset_2,..\PawlensAI\scraped_images\dataset_2\img_118.jpg,bacterial,0.2959209756238115
dataset_2,..\PawlensAI\scraped_images\dataset_2\img_119.jpg,bacterial,0.34504469529280357
dataset_2,..\PawlensAI\scraped_images\dataset_2\img_12.jpg,allergy,0.7396516647325914
dataset_2,..\PawlensAI\scraped_images\dataset_2\img_120.jpg,fungal,0.31236231529878933
dataset_2,..\PawlensAI\scraped_images\dataset_2\img_121.jpg,mange,0.628128110486413
dataset_2,..\PawlensAI\scraped_images\dataset_2\img_122.jpg,mange,0.8746511584213563
dataset_2,..\PawlensAI\scraped_images\dataset_2\img_123.jpg,mange,0.40532455927887506
dataset_2,..\PawlensAI\scraped_images\dataset_2\img_124.jpg,fungal,0.38493103796670763
dataset_2,..\PawlensAI\scraped_images\dataset_2\img_125.jpg,allergy,0.5691892409880961
dataset_2,..\PawlensAI\scraped_images\dataset_2\img_126.jpg,bacterial,0.36630482395051983
dataset_2,..\PawlensAI\scraped_images\dataset_2\img_127.jpg,mange,0.4408070815377102
dataset_2,..\PawlensAI\scraped_images\dataset_2\img_128.jpg,mange,0.5424429940919816
dataset_2,..\PawlensAI\scraped_images\dataset_2\img_129.jpg,fungal,0.3344003097871414
dataset_2,..\PawlensAI\scraped_images\dataset_2\img_13.jpg,mange,0.6859089315197259
dataset_2,..\PawlensAI\scraped_images\dataset_2\img_130.jpg,mange,0.49377085189532477
dataset_2,..\PawlensAI\scraped_images\dataset_2\img_131.jpg,wound,0.35115719471654216
dataset_2,..\PawlensAI\scraped_images\dataset_2\img_132.jpg,allergy,0.30234941220162026
dataset_2,..\PawlensAI\scraped_images\dataset_2\img_133.jpg,mange,0.8990353238396978
dataset_2,..\PawlensAI\scraped_images\dataset_2\img_134.jpg,allergy,0.4234303032343519
dataset_2,..\PawlensAI\scraped_images\dataset_2\img_135.jpg,bacterial,0.5438588360077562
dataset_2,..\PawlensAI\scraped_images\dataset_2\img_136.jpg,wound,0.27751877308766076
dataset_2,..\PawlensAI\scraped_images\dataset_2\img_137.jpg,mange,0.7590881340846617
dataset_2,..\PawlensAI\scraped_images\dataset_2\img_138.jpg,other,0.2531458069053352
dataset_2,..\PawlensAI\scraped_images\dataset_2\img_139.jpg,mange,0.33448280455366114
dataset_2,..\PawlensAI\scraped_images\dataset_2\img_14.jpg,mange,0.2942335500121194
dataset_2,..\PawlensAI\scraped_images\dataset_2\img_140.jpg,bacterial,0.29910270857109605
dataset_2,..\PawlensAI\scraped_images\dataset_2\img_141.jpg,mange,0.3869366993752102
dataset_2,..\PawlensAI\scraped_images\dataset_2\img_142.jpg,wound,0.43607686673666757
dataset_2,..\PawlensAI\scraped_images\dataset_2\img_143.jpg,fungal,0.7397359535309946
dataset_2,..\PawlensAI\scraped_images\dataset_2\img_144.jpg,mange,0.9101941701962627
dataset_2,..\PawlensAI\scraped_images\dataset_2\img_145.jpg,mange,0.4682100977066075
dataset_2,..\PawlensAI\scraped_images\dataset_2\img_146.jpg,mange,0.8659970781167102
dataset_2,..\PawlensAI\scraped_images\dataset_2\img_147.jpg,mange,0.684610624188345
dataset_2,..\PawlensAI\scraped_images\dataset_2\img_148.jpg,allergy,0.4161467329626757
dataset_2,..\PawlensAI\scraped_images\dataset_2\img_149.jpg,mange,0.2865370339361133
dataset_2,..\PawlensAI\scraped_images\dataset_2\img_15.jpg,mange,0.26680614141074876
dataset_2,..\PawlensAI\scraped_images\dataset_2\img_150.jpg,normal,0.3400215337551236
dataset_2,..\PawlensAI\scraped_images\dataset_2\img_151.jpg,mange,0.43074149102473086
dataset_2,..\PawlensAI\scraped_images\dataset_2\img_152.jpg,fungal,0.4295205370802996
dataset_2,..\PawlensAI\scraped_images\dataset_2\img_153.jpg,mange,0.6463182989250472
dataset_2,..\PawlensAI\scraped_images\dataset_2\img_154.jpg,fungal,0.7611694776526979
dataset_2,..\PawlensAI\scraped_images\dataset_2\img_155.jpg,other,0.45411720052624305
dataset_2,..\PawlensAI\scraped_images\dataset_2\img_156.jpg,fungal,0.3231541639040259
dataset_2,..\PawlensAI\scraped_images\dataset_2\img_157.jpg,mange,0.6833890954069806
dataset_2,..\PawlensAI\scraped_images\dataset_2\img_158.jpg,mange,0.3836885650711918
dataset_2,..\PawlensAI\scraped_images\dataset_2\img_159.jpg,fungal,0.3485743684334488
dataset_2,..\PawlensAI\scraped_images\dataset_2\img_16.jpg,mange,0.4498000780086062
dataset_2,..\PawlensAI\scraped_images\dataset_2\img_160.jpg,mange,0.6281408221375067
dataset_2,..\PawlensAI\scraped_images\dataset_2\img_161.jpg,mange,0.5194301439251934
dataset_2,..\PawlensAI\scraped_images\dataset_2\img_162.jpg,mange,0.39034219074246784
dataset_2,..\PawlensAI\scraped_images\dataset_2\img_163.jpg,bacterial,0.3391185255489149
dataset_2,..\PawlensAI\scraped_images\dataset_2\img_164.jpg,wound,0.39547531159417587
dataset_2,..\PawlensAI\scraped_images\dataset_2\img_17.jpg,wound,0.37951036065501176
dataset_2,..\PawlensAI\scraped_images\dataset_2\img_174.jpg,mange,0.3379564400433305
dataset_2,..\PawlensAI\scraped_images\dataset_2\img_175.jpg,wound,0.5562671859303077
dataset_2,..\PawlensAI\scraped_images\dataset_2\img_176.jpg,bacterial,0.5115900932432086
dataset_2,..\PawlensAI\scraped_images\dataset_2\img_177.jpg,mange,0.3476776162350413
dataset_2,..\PawlensAI\scraped_images\dataset_2\img_178.jpg,fungal,0.3904738946262425
dataset_2,..\PawlensAI\scraped_images\dataset_2\img_179.jpg,fungal,0.3929091045166508
dataset_2,..\PawlensAI\scraped_images\dataset_2\img_18.jpg,bacterial,0.32848987346873665
dataset_2,..\PawlensAI\scraped_images\dataset_2\img_180.jpg,wound,0.4949248722291173
dataset_2,..\PawlensAI\scraped_images\dataset_2\img_181.jpg,allergy,0.2479656067132239
dataset_2,..\PawlensAI\scraped_images\dataset_2\img_182.jpg,other,0.46100117379042815
dataset_2,..\PawlensAI\scraped_images\dataset_2\img_183.jpg,mange,0.854224636824539
dataset_2,..\PawlensAI\scraped_images\dataset_2\img_184.jpg,bacterial,0.2859203887915135
dataset_2,..\PawlensAI\scraped_images\dataset_2\img_185.jpg,other,0.2635643336715602
dataset_2,..\PawlensAI\scraped_images\dataset_2\img_186.jpg,fungal,0.4994685023087939
dataset_2,..\PawlensAI\scraped_images\dataset_2\img_187.jpg,mange,0.5972957424643548
dataset_2,..\PawlensAI\scraped_images\dataset_2\img_188.jpg,mange,0.4308750110557091
dataset_2,..\PawlensAI\scraped_images\dataset_2\img_189.jpg,wound,0.6545656399673035
dataset_2,..\PawlensAI\scraped_images\dataset_2\img_19.jpg,bacterial,0.30003840843037066
dataset_2,..\PawlensAI\scraped_images\dataset_2\img_190.jpg,mange,0.8001201199513441
dataset_2,..\PawlensAI\scraped_images\dataset_2\img_191.jpg,allergy,0.3460131939892457
dataset_2,..\PawlensAI\scraped_images\dataset_2\img_192.jpg,bacterial,0.391606984399554
dataset_2,..\PawlensAI\scraped_images\dataset_2\img_193.jpg,other,0.27500532549544154
dataset_2,..\PawlensAI\scraped_images\dataset_2\img_194.jpg,allergy,0.5521799106319705
dataset_2,..\PawlensAI\scraped_images\dataset_2\img_195.jpg,bacterial,0.3399693755704657
dataset_2,..\PawlensAI\scraped_images\dataset_2\img_196.jpg,mange,0.5252291138054671
dataset_2,..\PawlensAI\scraped_images\dataset_2\img_197.jpg,bacterial,0.3211943123052393
dataset_2,..\PawlensAI\scraped_images\dataset_2\img_198.jpg,fungal,0.610486234575867
dataset_2,..\PawlensAI\scraped_images\dataset_2\img_199.jpg,other,0.34115146110648703
dataset_2,..\PawlensAI\scraped_images\dataset_2\img_20.jpg,other,0.3032807558774948
dataset_2,..\PawlensAI\scraped_images\dataset_2\img_200.jpg,bacterial,0.44835977209536687
dataset_2,..\PawlensAI\scraped_images\dataset_2\img_201.jpg,mange,0.8431392016235656
dataset_2,..\PawlensAI\scraped_images\dataset_2\img_202.jpg,mange,0.6713980802176095
dataset_2,..\PawlensAI\scraped_images\dataset_2\img_203.jpg,fungal,0.3399395110538593
dataset_2,..\PawlensAI\scraped_images\dataset_2\img_204.jpg,fungal,0.4075507011617477
dataset_2,..\PawlensAI\scraped_images\dataset_2\img_205.jpg,fungal,0.752083058276827
dataset_2,..\PawlensAI\scraped_images\dataset_2\img_206.jpg,mange,0.4756784605068651
dataset_2,..\PawlensAI\scraped_images\dataset_2\img_207.jpg,mange,0.5105900316552855
dataset_2,..\PawlensAI\scraped_images\dataset_2\img_208.jpg,fungal,0.34479589688052353
dataset_2,..\PawlensAI\scraped_images\dataset_2\img_209.jpg,other,0.3930570580312354
dataset_2,..\PawlensAI\scraped_images\dataset_2\img_21.jpg,other,0.3318196094064479
dataset_2,..\PawlensAI\scraped_images\dataset_2\img_210.jpg,other,0.31510518329633375
dataset_2,..\PawlensAI\scraped_images\dataset_2\img_211.jpg,mange,0.6949747172266598
dataset_2,..\PawlensAI\scraped_images\dataset_2\img_212.jpg,bacterial,0.5420568049646708
dataset_2,..\PawlensAI\scraped_images\dataset_2\img_213.jpg,bacterial,0.3124784457273068
dataset_2,..\PawlensAI\scraped_images\dataset_2\img_214.jpg,fungal,0.38260746992841443
dataset_2,..\PawlensAI\scraped_images\dataset_2\img_215.jpg,fungal,0.7476354540527942
dataset_2,..\PawlensAI\scraped_images\dataset_2\img_216.jpg,fungal,0.7261578799312423
dataset_2,..\PawlensAI\scraped_images\dataset_2\img_217.jpg,fungal,0.27904551549978435
dataset_2,..\PawlensAI\scraped_images\dataset_2\img_218.jpg,mange,0.4407556180191903
dataset_2,..\PawlensAI\scraped_images\dataset_2\img_219.jpg,mange,0.3556561202313885
dataset_2,..\PawlensAI\scraped_images\dataset_2\img_22.jpg,mange,0.9430048356550037
dataset_2,..\PawlensAI\scraped_images\dataset_2\img_220.jpg,fungal,0.4464707769196713
dataset_2,..\PawlensAI\scraped_images\dataset_2\img_221.jpg,fungal,0.393398160386986
dataset_2,..\PawlensAI\scraped_images\dataset_2\img_222.jpg,fungal,0.3044271596134573
dataset_2,..\PawlensAI\scraped_images\dataset_2\img_223.jpg,bacterial,0.5134029399407898
dataset_2,..\PawlensAI\scraped_images\dataset_2\img_227.jpg,fungal,0.4643001792995656
dataset_2,..\PawlensAI\scraped_images\dataset_2\img_228.jpg,mange,0.8583211330823196
dataset_2,..\PawlensAI\scraped_images\dataset_2\img_229.jpg,wound,0.42947862099939715
dataset_2,..\PawlensAI\scraped_images\dataset_2\img_23.jpg,normal,0.2446513328662155
dataset_2,..\PawlensAI\scraped_images\dataset_2\img_230.jpg,wound,0.4941124208027344
dataset_2,..\PawlensAI\scraped_images\dataset_2\img_231.jpg,fungal,0.49873310858847186
dataset_2,..\PawlensAI\scraped_images\dataset_2\img_232.jpg,fungal,0.6892824109318767
dataset_2,..\PawlensAI\scraped_images\dataset_2\img_233.jpg,fungal,0.4808108757109906
dataset_2,..\PawlensAI\scraped_images\dataset_2\img_234.jpg,wound,0.6869405209351713
dataset_2,..\PawlensAI\scraped_images\dataset_2\img_235.jpg,fungal,0.4159833014233634
dataset_2,..\PawlensAI\scraped_images\dataset_2\img_236.jpg,wound,0.523211537021989
dataset_2,..\PawlensAI\scraped_images\dataset_2\img_237.jpg,bacterial,0.38001310567575136
dataset_2,..\PawlensAI\scraped_images\dataset_2\img_238.jpg,fungal,0.33783585057536447
dataset_2,..\PawlensAI\scraped_images\dataset_2\img_239.jpg,other,0.3361617576507894
dataset_2,..\PawlensAI\scraped_images\dataset_2\img_24.jpg,mange,0.39759279812708026
dataset_2,..\PawlensAI\scraped_images\dataset_2\img_240.jpg,mange,0.43473678908370833
dataset_2,..\PawlensAI\scraped_images\dataset_2\img_241.jpg,allergy,0.490061874951627
dataset_2,..\PawlensAI\scraped_images\dataset_2\img_242.jpg,allergy,0.4938758215296464
dataset_2,..\PawlensAI\scraped_images\dataset_2\img_243.jpg,bacterial,0.3106855884453001
dataset_2,..\PawlensAI\scraped_images\dataset_2\img_244.jpg,fungal,0.805753758914274
dataset_2,..\PawlensAI\scraped_images\dataset_2\img_245.jpg,mange,0.9311826060192756
dataset_2,..\PawlensAI\scraped_images\dataset_2\img_246.jpg,fungal,0.4577167098000992
dataset_2,..\PawlensAI\scraped_images\dataset_2\img_247.jpg,bacterial,0.5073420292558383
dataset_2,..\PawlensAI\scraped_images\dataset_2\img_248.jpg,mange,0.7380992986444884
dataset_2,..\PawlensAI\scraped_images\dataset_2\img_249.jpg,mange,0.335088752859778
dataset_2,..\PawlensAI\scraped_images\dataset_2\img_25.jpg,mange,0.7916340687388017
dataset_2,..\PawlensAI\scraped_images\dataset_2\img_250.jpg,fungal,0.30552054239367815
dataset_2,..\PawlensAI\scraped_images\dataset_2\img_251.jpg,mange,0.2950770271658302
dataset_2,..\PawlensAI\scraped_images\dataset_2\img_252.jpg,bacterial,0.24812285675933002
dataset_2,..\PawlensAI\scraped_images\dataset_2\img_253.jpg,mange,0.7269429184485929
dataset_2,..\PawlensAI\scraped_images\dataset_2\img_254.jpg,fungal,0.2772957817675727
dataset_2,..\PawlensAI\scraped_images\dataset_2\img_255.jpg,wound,0.4241903940834712
dataset_2,..\PawlensAI\scraped_images\dataset_2\img_256.jpg,fungal,0.559440355492325
dataset_2,..\PawlensAI\scraped_images\dataset_2\img_257.jpg,fungal,0.41357483391353494
dataset_2,..\PawlensAI\scraped_images\dataset_2\img_258.jpg,fungal,0.5459975099464847
dataset_2,..\PawlensAI\scraped_images\dataset_2\img_259.jpg,bacterial,0.30806832549437785
dataset_2,..\PawlensAI\scraped_images\dataset_2\img_26.jpg,mange,0.6400407342819434
dataset_2,..\PawlensAI\scraped_images\dataset_2\img_260.jpg,mange,0.3045042331761132
dataset_2,..\PawlensAI\scraped_images\dataset_2\img_261.jpg,fungal,0.6226806374423998
dataset_2,..\PawlensAI\scraped_images\dataset_2\img_262.jpg,fungal,0.6920308915209907
dataset_2,..\PawlensAI\scraped_images\dataset_2\img_263.jpg,bacterial,0.5292291390913033
dataset_2,..\PawlensAI\scraped_images\dataset_2\img_264.jpg,other,0.5827974131585107
dataset_2,..\PawlensAI\scraped_images\dataset_2\img_265.jpg,fungal,0.6788711878178867
dataset_2,..\PawlensAI\scraped_images\dataset_2\img_266.jpg,fungal,0.506413905308295
dataset_2,..\PawlensAI\scraped_images\dataset_2\img_267.jpg,bacterial,0.28364957416590175
dataset_2,..\PawlensAI\scraped_images\dataset_2\img_268.jpg,allergy,0.32676816316499446
dataset_2,..\PawlensAI\scraped_images\dataset_2\img_269.jpg,bacterial,0.3137567562786227
dataset_2,..\PawlensAI\scraped_images\dataset_2\img_27.jpg,fungal,0.469167320635949
dataset_2,..\PawlensAI\scraped_images\dataset_2\img_270.jpg,bacterial,0.5086594744036383
dataset_2,..\PawlensAI\scraped_images\dataset_2\img_271.jpg,mange,0.5265832252512319
dataset_2,..\PawlensAI\scraped_images\dataset_2\img_272.jpg,fungal,0.33219847891653487
dataset_2,..\PawlensAI\scraped_images\dataset_2\img_273.jpg,fungal,0.51234605458111
dataset_2,..\PawlensAI\scraped_images\dataset_2\img_274.jpg,bacterial,0.33973838193740835
dataset_2,..\PawlensAI\scraped_images\dataset_2\img_275.jpg,fungal,0.34406804471173724
dataset_2,..\PawlensAI\scraped_images\dataset_2\img_276.jpg,fungal,0.4059749097375547
dataset_2,..\PawlensAI\scraped_images\dataset_2\img_28.jpg,wound,0.31933219959516546
dataset_2,..\PawlensAI\scraped_images\dataset_2\img_283.jpg,bacterial,0.3295289130936894
dataset_2,..\PawlensAI\scraped_images\dataset_2\img_284.jpg,fungal,0.4563416129810922
dataset_2,..\PawlensAI\scraped_images\dataset_2\img_285.jpg,fungal,0.4206740022119006
dataset_2,..\PawlensAI\scraped_images\dataset_2\img_286.jpg,fungal,0.6765745894547014
dataset_2,..\PawlensAI\scraped_images\dataset_2\img_287.jpg,fungal,0.7447376309190655
dataset_2,..\PawlensAI\scraped_images\dataset_2\img_288.jpg,fungal,0.5480810761091569
dataset_2,..\PawlensAI\scraped_images\dataset_2\img_289.jpg,mange,0.3773485996481796
dataset_2,..\PawlensAI\scraped_images\dataset_2\img_29.jpg,bacterial,0.3020543450368671
dataset_2,..\PawlensAI\scraped_images\dataset_2\img_290.jpg,fungal,0.2710448490639241
dataset_2,..\PawlensAI\scraped_images\dataset_2\img_291.jpg,mange,0.4333852541076804
dataset_2,..\PawlensAI\scraped_images\dataset_2\img_292.jpg,fungal,0.3920057673082163
dataset_2,..\PawlensAI\scraped_images\dataset_2\img_293.jpg,mange,0.43696580486049763
dataset_2,..\PawlensAI\scraped_images\dataset_2\img_294.jpg,bacterial,0.4160280613234146
dataset_2,..\PawlensAI\scraped_images\dataset_2\img_295.jpg,fungal,0.311024369720246
dataset_2,..\PawlensAI\scraped_images\dataset_2\img_296.jpg,fungal,0.32065955655528217
dataset_2,..\PawlensAI\scraped_images\dataset_2\img_297.jpg,fungal,0.5042404604465753
dataset_2,..\PawlensAI\scraped_images\dataset_2\img_298.jpg,wound,0.32832547258101086
dataset_2,..\PawlensAI\scraped_images\dataset_2\img_299.jpg,mange,0.5136081361564697
dataset_2,..\PawlensAI\scraped_images\dataset_2\img_3.jpg,fungal,0.2645477510129663
dataset_2,..\PawlensAI\scraped_images\dataset_2\img_30.jpg,normal,0.44381250131622807
dataset_2,..\PawlensAI\scraped_images\dataset_2\img_300.jpg,fungal,0.6511094938352868
dataset_2,..\PawlensAI\scraped_images\dataset_2\img_301.jpg,bacterial,0.2973099547540982
dataset_2,..\PawlensAI\scraped_images\dataset_2\img_302.jpg,mange,0.7175545153841725
dataset_2,..\PawlensAI\scraped_images\dataset_2\img_303.jpg,fungal,0.3586130781077551
dataset_2,..\PawlensAI\scraped_images\dataset_2\img_304.jpg,bacterial,0.5413358835654525
dataset_2,..\PawlensAI\scraped_images\dataset_2\img_305.jpg,bacterial,0.472119513751972
dataset_2,..\PawlensAI\scraped_images\dataset_2\img_306.jpg,fungal,0.7693130341471334
dataset_2,..\PawlensAI\scraped_images\dataset_2\img_307.jpg,fungal,0.46643463416733216
dataset_2,..\PawlensAI\scraped_images\dataset_2\img_308.jpg,mange,0.30933443281858375
dataset_2,..\PawlensAI\scraped_images\dataset_2\img_309.jpg,mange,0.6373007985044875
dataset_2,..\PawlensAI\scraped_images\dataset_2\img_31.jpg,wound,0.45191811734891646
dataset_2,..\PawlensAI\scraped_images\dataset_2\img_310.jpg,fungal,0.42533080868927975
dataset_2,..\PawlensAI\scraped_images\dataset_2\img_311.jpg,fungal,0.7491851139373045
dataset_2,..\PawlensAI\scraped_images\dataset_2\img_312.jpg,bacterial,0.3063533032869029
dataset_2,..\PawlensAI\scraped_images\dataset_2\img_313.jpg,wound,0.5132665863129895
dataset_2,..\PawlensAI\scraped_images\dataset_2\img_314.jpg,fungal,0.6181593201994082
dataset_2,..\PawlensAI\scraped_images\dataset_2\img_315.jpg,bacterial,0.37143478487856413
dataset_2,..\PawlensAI\scraped_images\dataset_2\img_316.jpg,mange,0.5075980454540294
dataset_2,..\PawlensAI\scraped_images\dataset_2\img_317.jpg,fungal,0.4960805713199079
dataset_2,..\PawlensAI\scraped_images\dataset_2\img_318.jpg,wound,0.38365720881906773
dataset_2,..\PawlensAI\scraped_images\dataset_2\img_319.jpg,other,0.3376431843180913
dataset_2,..\PawlensAI\scraped_images\dataset_2\img_32.jpg,allergy,0.3377142379623144
dataset_2,..\PawlensAI\scraped_images\dataset_2\img_320.jpg,other,0.5569610175782779
dataset_2,..\PawlensAI\scraped_images\dataset_2\img_321.jpg,mange,0.43317226438114137
dataset_2,..\PawlensAI\scraped_images\dataset_2\img_322.jpg,fungal,0.3314907555192527
dataset_2,..\PawlensAI\scraped_images\dataset_2\img_323.jpg,fungal,0.5362726566655127
dataset_2,..\PawlensAI\scraped_images\dataset_2\img_324.jpg,bacterial,0.30957652724884904
dataset_2,..\PawlensAI\scraped_images\dataset_2\img_325.jpg,fungal,0.8488196081219564
dataset_2,..\PawlensAI\scraped_images\dataset_2\img_326.jpg,bacterial,0.3306886716937356
dataset_2,..\PawlensAI\scraped_images\dataset_2\img_327.jpg,mange,0.6755614818341692
dataset_2,..\PawlensAI\scraped_images\dataset_2\img_328.jpg,allergy,0.4959062529955293
dataset_2,..\PawlensAI\scraped_images\dataset_2\img_329.jpg,wound,0.41419195098957284
dataset_2,..\PawlensAI\scraped_images\dataset_2\img_33.jpg,mange,0.3832223670569543
dataset_2,..\PawlensAI\scraped_images\dataset_2\img_330.jpg,mange,0.40574430644828596
dataset_2,..\PawlensAI\scraped_images\dataset_2\img_331.jpg,wound,0.4443158132965832
dataset_2,..\PawlensAI\scraped_images\dataset_2\img_332.jpg,fungal,0.32907975697687086
dataset_2,..\PawlensAI\scraped_images\dataset_2\img_339.jpg,fungal,0.4066152736578758
dataset_2,..\PawlensAI\scraped_images\dataset_2\img_34.jpg,fungal,0.3654962818847091
dataset_2,..\PawlensAI\scraped_images\dataset_2\img_340.jpg,bacterial,0.4700393823125922
dataset_2,..\PawlensAI\scraped_images\dataset_2\img_341.jpg,mange,0.2893353880704072
dataset_2,..\PawlensAI\scraped_images\dataset_2\img_342.jpg,fungal,0.5248719111259504
dataset_2,..\PawlensAI\scraped_images\dataset_2\img_343.jpg,fungal,0.5010461616853067
dataset_2,..\PawlensAI\scraped_images\dataset_2\img_344.jpg,fungal,0.3020506470203985
dataset_2,..\PawlensAI\scraped_images\dataset_2\img_345.jpg,fungal,0.30135288041607444
dataset_2,..\PawlensAI\scraped_images\dataset_2\img_346.jpg,mange,0.3566337339751799
dataset_2,..\PawlensAI\scraped_images\dataset_2\img_347.jpg,wound,0.4047032210733985
dataset_2,..\PawlensAI\scraped_images\dataset_2\img_348.jpg,fungal,0.30603924821962025
dataset_2,..\PawlensAI\scraped_images\dataset_2\img_349.jpg,fungal,0.5734468095327451
dataset_2,..\PawlensAI\scraped_images\dataset_2\img_35.jpg,wound,0.49012974824015054
dataset_2,..\PawlensAI\scraped_images\dataset_2\img_350.jpg,bacterial,0.48009507030949206
dataset_2,..\PawlensAI\scraped_images\dataset_2\img_351.jpg,fungal,0.7958495292648451
dataset_2,..\PawlensAI\scraped_images\dataset_2\img_352.jpg,bacterial,0.31418133398057885
dataset_2,..\PawlensAI\scraped_images\dataset_2\img_353.jpg,fungal,0.5262239864951725
dataset_2,..\PawlensAI\scraped_images\dataset_2\img_354.jpg,fungal,0.471598604112459
dataset_2,..\PawlensAI\scraped_images\dataset_2\img_355.jpg,fungal,0.746751200048479
dataset_2,..\PawlensAI\scraped_images\dataset_2\img_356.jpg,fungal,0.3990504298297568
dataset_2,..\PawlensAI\scraped_images\dataset_2\img_357.jpg,bacterial,0.2923696266292711
dataset_2,..\PawlensAI\scraped_images\dataset_2\img_358.jpg,fungal,0.42010528674044145
dataset_2,..\PawlensAI\scraped_images\dataset_2\img_359.jpg,wound,0.310957202282998
dataset_2,..\PawlensAI\scraped_images\dataset_2\img_36.jpg,fungal,0.27892770406019896
dataset_2,..\PawlensAI\scraped_images\dataset_2\img_360.jpg,mange,0.33386342131310665
dataset_2,..\PawlensAI\scraped_images\dataset_2\img_361.jpg,mange,0.4030642427684482
dataset_2,..\PawlensAI\scraped_images\dataset_2\img_362.jpg,wound,0.2917670108458724
dataset_2,..\PawlensAI\scraped_images\dataset_2\img_363.jpg,wound,0.32684393235655607
dataset_2,..\PawlensAI\scraped_images\dataset_2\img_364.jpg,fungal,0.4789484383811029
dataset_2,..\PawlensAI\scraped_images\dataset_2\img_365.jpg,bacterial,0.28184912659948064
dataset_2,..\PawlensAI\scraped_images\dataset_2\img_366.jpg,bacterial,0.3510670032243594
dataset_2,..\PawlensAI\scraped_images\dataset_2\img_367.jpg,fungal,0.5727446752270584
dataset_2,..\PawlensAI\scraped_images\dataset_2\img_368.jpg,fungal,0.6639072893677495
dataset_2,..\PawlensAI\scraped_images\dataset_2\img_369.jpg,fungal,0.5410569981092174
dataset_2,..\PawlensAI\scraped_images\dataset_2\img_37.jpg,bacterial,0.24852302846909147
dataset_2,..\PawlensAI\scraped_images\dataset_2\img_370.jpg,fungal,0.6770789073062606
dataset_2,..\PawlensAI\scraped_images\dataset_2\img_371.jpg,fungal,0.4112489798211397
dataset_2,..\PawlensAI\scraped_images\dataset_2\img_372.jpg,fungal,0.527090788443191
dataset_2,..\PawlensAI\scraped_images\dataset_2\img_373.jpg,fungal,0.5505327079423463
dataset_2,..\PawlensAI\scraped_images\dataset_2\img_374.jpg,other,0.27485013607390446
dataset_2,..\PawlensAI\scraped_images\dataset_2\img_375.jpg,fungal,0.2674471692583427
dataset_2,..\PawlensAI\scraped_images\dataset_2\img_376.jpg,other,0.2457394831602303
dataset_2,..\PawlensAI\scraped_images\dataset_2\img_377.jpg,fungal,0.43402825791898464
dataset_2,..\PawlensAI\scraped_images\dataset_2\img_378.jpg,fungal,0.46899953909106784
dataset_2,..\PawlensAI\scraped_images\dataset_2\img_379.jpg,fungal,0.3252519076375686
dataset_2,..\PawlensAI\scraped_images\dataset_2\img_38.jpg,mange,0.3362044596225667
dataset_2,..\PawlensAI\scraped_images\dataset_2\img_380.jpg,wound,0.26397432511566465
dataset_2,..\PawlensAI\scraped_images\dataset_2\img_381.jpg,mange,0.3568709180208997
dataset_2,..\PawlensAI\scraped_images\dataset_2\img_382.jpg,fungal,0.2493346407426474
dataset_2,..\PawlensAI\scraped_images\dataset_2\img_383.jpg,bacterial,0.31766264744264955
dataset_2,..\PawlensAI\scraped_images\dataset_2\img_384.jpg,fungal,0.6628670861943695
dataset_2,..\PawlensAI\scraped_images\dataset_2\img_385.jpg,bacterial,0.3055826519055281
dataset_2,..\PawlensAI\scraped_images\dataset_2\img_386.jpg,fungal,0.4764029710766792
dataset_2,..\PawlensAI\scraped_images\dataset_2\img_387.jpg,bacterial,0.3058187666597085
dataset_2,..\PawlensAI\scraped_images\dataset_2\img_388.jpg,bacterial,0.44827590257347166
dataset_2,..\PawlensAI\scraped_images\dataset_2\img_39.jpg,bacterial,0.28782410444816386
dataset_2,..\PawlensAI\scraped_images\dataset_2\img_395.jpg,mange,0.4445479071752914
dataset_2,..\PawlensAI\scraped_images\dataset_2\img_396.jpg,bacterial,0.5340172096462322
dataset_2,..\PawlensAI\scraped_images\dataset_2\img_397.jpg,fungal,0.30854480371298926
dataset_2,..\PawlensAI\scraped_images\dataset_2\img_398.jpg,fungal,0.30695032131849853
dataset_2,..\PawlensAI\scraped_images\dataset_2\img_399.jpg,other,0.36012687910218194
dataset_2,..\PawlensAI\scraped_images\dataset_2\img_4.jpg,allergy,0.22666401787417315
dataset_2,..\PawlensAI\scraped_images\dataset_2\img_40.jpg,mange,0.6414956346208341
dataset_2,..\PawlensAI\scraped_images\dataset_2\img_400.jpg,fungal,0.424193133857324
dataset_2,..\PawlensAI\scraped_images\dataset_2\img_401.jpg,wound,0.5386887447288569
dataset_2,..\PawlensAI\scraped_images\dataset_2\img_402.jpg,fungal,0.407943443397118
dataset_2,..\PawlensAI\scraped_images\dataset_2\img_403.jpg,fungal,0.6873023825067031
dataset_2,..\PawlensAI\scraped_images\dataset_2\img_404.jpg,bacterial,0.3674273219788197
dataset_2,..\PawlensAI\scraped_images\dataset_2\img_405.jpg,fungal,0.33981084251004146
dataset_2,..\PawlensAI\scraped_images\dataset_2\img_406.jpg,bacterial,0.2994289089585394
dataset_2,..\PawlensAI\scraped_images\dataset_2\img_407.jpg,wound,0.47011183232367215
dataset_2,..\PawlensAI\scraped_images\dataset_2\img_408.jpg,mange,0.6480969813497733
dataset_2,..\PawlensAI\scraped_images\dataset_2\img_409.jpg,mange,0.6858085307853954
dataset_2,..\PawlensAI\scraped_images\dataset_2\img_41.jpg,mange,0.43131076443324273
dataset_2,..\PawlensAI\scraped_images\dataset_2\img_410.jpg,mange,0.8100235018020779
dataset_2,..\PawlensAI\scraped_images\dataset_2\img_411.jpg,fungal,0.5452623230179126
dataset_2,..\PawlensAI\scraped_images\dataset_2\img_412.jpg,bacterial,0.4094531476584762
dataset_2,..\PawlensAI\scraped_images\dataset_2\img_413.jpg,bacterial,0.34545137784496244
dataset_2,..\PawlensAI\scraped_images\dataset_2\img_414.jpg,bacterial,0.4445779165852442
dataset_2,..\PawlensAI\scraped_images\dataset_2\img_415.jpg,wound,0.4097321904532881
dataset_2,..\PawlensAI\scraped_images\dataset_2\img_416.jpg,bacterial,0.38470432349626166
dataset_2,..\PawlensAI\scraped_images\dataset_2\img_417.jpg,fungal,0.26457937081637467
dataset_2,..\PawlensAI\scraped_images\dataset_2\img_418.jpg,fungal,0.6707294304705734
dataset_2,..\PawlensAI\scraped_images\dataset_2\img_419.jpg,fungal,0.4939033987194748
dataset_2,..\PawlensAI\scraped_images\dataset_2\img_42.jpg,wound,0.3559504595105151
dataset_2,..\PawlensAI\scraped_images\dataset_2\img_420.jpg,bacterial,0.4460410454409147
dataset_2,..\PawlensAI\scraped_images\dataset_2\img_421.jpg,fungal,0.5389907435558557
dataset_2,..\PawlensAI\scraped_images\dataset_2\img_422.jpg,fungal,0.3179807297911706
dataset_2,..\PawlensAI\scraped_images\dataset_2\img_423.jpg,fungal,0.39215107997435417
dataset_2,..\PawlensAI\scraped_images\dataset_2\img_424.jpg,bacterial,0.41522360658984203
dataset_2,..\PawlensAI\scraped_images\dataset_2\img_425.jpg,bacterial,0.37475114228494666
dataset_2,..\PawlensAI\scraped_images\dataset_2\img_426.jpg,bacterial,0.4675901616108129
dataset_2,..\PawlensAI\scraped_images\dataset_2\img_427.jpg,bacterial,0.4459570953122989
dataset_2,..\PawlensAI\scraped_images\dataset_2\img_428.jpg,fungal,0.46097901686154935
dataset_2,..\PawlensAI\scraped_images\dataset_2\img_429.jpg,fungal,0.4094686266365842
dataset_2,..\PawlensAI\scraped_images\dataset_2\img_43.jpg,mange,0.5284306330542583
dataset_2,..\PawlensAI\scraped_images\dataset_2\img_430.jpg,bacterial,0.3172558753345455
dataset_2,..\PawlensAI\scraped_images\dataset_2\img_431.jpg,fungal,0.37497778955627636
dataset_2,..\PawlensAI\scraped_images\dataset_2\img_432.jpg,fungal,0.4599866426976184
dataset_2,..\PawlensAI\scraped_images\dataset_2\img_433.jpg,mange,0.28236044949056255
dataset_2,..\PawlensAI\scraped_images\dataset_2\img_434.jpg,allergy,0.4180466933057334
dataset_2,..\PawlensAI\scraped_images\dataset_2\img_435.jpg,wound,0.5340777497368475
dataset_2,..\PawlensAI\scraped_images\dataset_2\img_436.jpg,bacterial,0.3983932500285942
dataset_2,..\PawlensAI\scraped_images\dataset_2\img_437.jpg,bacterial,0.37447421135567
dataset_2,..\PawlensAI\scraped_images\dataset_2\img_438.jpg,fungal,0.4552779383171391
dataset_2,..\PawlensAI\scraped_images\dataset_2\img_439.jpg,fungal,0.6655592129978767
dataset_2,..\PawlensAI\scraped_images\dataset_2\img_44.jpg,wound,0.35146344804539
dataset_2,..\PawlensAI\scraped_images\dataset_2\img_440.jpg,fungal,0.3957594561586044
dataset_2,..\PawlensAI\scraped_images\dataset_2\img_441.jpg,fungal,0.41997830531488256
dataset_2,..\PawlensAI\scraped_images\dataset_2\img_442.jpg,mange,0.9581487173206342
dataset_2,..\PawlensAI\scraped_images\dataset_2\img_443.jpg,fungal,0.3365797078883432
dataset_2,..\PawlensAI\scraped_images\dataset_2\img_444.jpg,fungal,0.5383691563516216
dataset_2,..\PawlensAI\scraped_images\dataset_2\img_448.jpg,bacterial,0.5576795623264791
dataset_2,..\PawlensAI\scraped_images\dataset_2\img_449.jpg,mange,0.2753028411822041
dataset_2,..\PawlensAI\scraped_images\dataset_2\img_45.jpg,wound,0.4242640843713791
dataset_2,..\PawlensAI\scraped_images\dataset_2\img_450.jpg,other,0.3365934826798009
dataset_2,..\PawlensAI\scraped_images\dataset_2\img_451.jpg,fungal,0.40972897652905527
dataset_2,..\PawlensAI\scraped_images\dataset_2\img_452.jpg,bacterial,0.4121473011964022
dataset_2,..\PawlensAI\scraped_images\dataset_2\img_453.jpg,fungal,0.6955474559486898
dataset_2,..\PawlensAI\scraped_images\dataset_2\img_454.jpg,wound,0.4688903151190976
dataset_2,..\PawlensAI\scraped_images\dataset_2\img_455.jpg,wound,0.5689686742215069
dataset_2,..\PawlensAI\scraped_images\dataset_2\img_456.jpg,bacterial,0.6384027847030767
dataset_2,..\PawlensAI\scraped_images\dataset_2\img_457.jpg,fungal,0.5271832989812599
dataset_2,..\PawlensAI\scraped_images\dataset_2\img_458.jpg,fungal,0.4523579756303722
dataset_2,..\PawlensAI\scraped_images\dataset_2\img_459.jpg,wound,0.4420727605745508
dataset_2,..\PawlensAI\scraped_images\dataset_2\img_46.jpg,normal,0.8926142619631173
dataset_2,..\PawlensAI\scraped_images\dataset_2\img_460.jpg,bacterial,0.32864688579643975
dataset_2,..\PawlensAI\scraped_images\dataset_2\img_461.jpg,bacterial,0.4134686757969313
dataset_2,..\PawlensAI\scraped_images\dataset_2\img_462.jpg,fungal,0.5183636773300204
dataset_2,..\PawlensAI\scraped_images\dataset_2\img_463.jpg,fungal,0.6533788105773229
dataset_2,..\PawlensAI\scraped_images\dataset_2\img_464.jpg,fungal,0.428923906814504
dataset_2,..\PawlensAI\scraped_images\dataset_2\img_465.jpg,fungal,0.5463904731378728
dataset_2,..\PawlensAI\scraped_images\dataset_2\img_466.jpg,fungal,0.5333606506255166
dataset_2,..\PawlensAI\scraped_images\dataset_2\img_467.jpg,wound,0.5032432540498148
dataset_2,..\PawlensAI\scraped_images\dataset_2\img_468.jpg,fungal,0.2701783803904719
dataset_2,..\PawlensAI\scraped_images\dataset_2\img_469.jpg,mange,0.29439458676111907
dataset_2,..\PawlensAI\scraped_images\dataset_2\img_47.jpg,mange,0.3971007115205747
dataset_2,..\PawlensAI\scraped_images\dataset_2\img_470.jpg,mange,0.5922357027340573
dataset_2,..\PawlensAI\scraped_images\dataset_2\img_471.jpg,bacterial,0.2865482089624416
dataset_2,..\PawlensAI\scraped_images\dataset_2\img_472.jpg,fungal,0.35624378341852075
dataset_2,..\PawlensAI\scraped_images\dataset_2\img_473.jpg,bacterial,0.3799536798444456
dataset_2,..\PawlensAI\scraped_images\dataset_2\img_474.jpg,mange,0.38759404552024496
dataset_2,..\PawlensAI\scraped_images\dataset_2\img_475.jpg,wound,0.4612538543319621
dataset_2,..\PawlensAI\scraped_images\dataset_2\img_476.jpg,fungal,0.4192125122255536
dataset_2,..\PawlensAI\scraped_images\dataset_2\img_477.jpg,other,0.38351809334987674
dataset_2,..\PawlensAI\scraped_images\dataset_2\img_478.jpg,fungal,0.2953664895486822
dataset_2,..\PawlensAI\scraped_images\dataset_2\img_479.jpg,fungal,0.5358636437974015
dataset_2,..\PawlensAI\scraped_images\dataset_2\img_48.jpg,mange,0.30848550548712955
dataset_2,..\PawlensAI\scraped_images\dataset_2\img_480.jpg,fungal,0.41910309095565385
dataset_2,..\PawlensAI\scraped_images\dataset_2\img_481.jpg,mange,0.9857819849937024
dataset_2,..\PawlensAI\scraped_images\dataset_2\img_482.jpg,fungal,0.37961851285366915
dataset_2,..\PawlensAI\scraped_images\dataset_2\img_483.jpg,fungal,0.5277675644745771
dataset_2,..\PawlensAI\scraped_images\dataset_2\img_484.jpg,fungal,0.5345059473797329
dataset_2,..\PawlensAI\scraped_images\dataset_2\img_485.jpg,bacterial,0.4534006146089502
dataset_2,..\PawlensAI\scraped_images\dataset_2\img_486.jpg,fungal,0.34478405269379947
dataset_2,..\PawlensAI\scraped_images\dataset_2\img_487.jpg,mange,0.4014498652425038
dataset_2,..\PawlensAI\scraped_images\dataset_2\img_488.jpg,fungal,0.3953803874525789
dataset_2,..\PawlensAI\scraped_images\dataset_2\img_489.jpg,bacterial,0.3164934706657809
dataset_2,..\PawlensAI\scraped_images\dataset_2\img_49.jpg,bacterial,0.5484461687167677
dataset_2,..\PawlensAI\scraped_images\dataset_2\img_490.jpg,fungal,0.444808486491169
dataset_2,..\PawlensAI\scraped_images\dataset_2\img_491.jpg,allergy,0.3139142110099415
dataset_2,..\PawlensAI\scraped_images\dataset_2\img_492.jpg,fungal,0.2763351213456145
dataset_2,..\PawlensAI\scraped_images\dataset_2\img_493.jpg,wound,0.593593811838478
dataset_2,..\PawlensAI\scraped_images\dataset_2\img_494.jpg,mange,0.44006367216428677
dataset_2,..\PawlensAI\scraped_images\dataset_2\img_495.jpg,fungal,0.5957008420349433
dataset_2,..\PawlensAI\scraped_images\dataset_2\img_496.jpg,fungal,0.6128189112957508
dataset_2,..\PawlensAI\scraped_images\dataset_2\img_497.jpg,bacterial,0.4597136992634656
dataset_2,..\PawlensAI\scraped_images\dataset_2\img_5.jpg,fungal,0.3057808866330324
dataset_2,..\PawlensAI\scraped_images\dataset_2\img_50.jpg,fungal,0.32998262972448533
dataset_2,..\PawlensAI\scraped_images\dataset_2\img_504.jpg,mange,0.6637725449893517
dataset_2,..\PawlensAI\scraped_images\dataset_2\img_505.jpg,mange,0.30088755947457846
dataset_2,..\PawlensAI\scraped_images\dataset_2\img_506.jpg,other,0.5579965603316839
dataset_2,..\PawlensAI\scraped_images\dataset_2\img_507.jpg,normal,0.4701483744480695
dataset_2,..\PawlensAI\scraped_images\dataset_2\img_508.jpg,other,0.22433726001912882
dataset_2,..\PawlensAI\scraped_images\dataset_2\img_509.jpg,fungal,0.2663153216007195
dataset_2,..\PawlensAI\scraped_images\dataset_2\img_51.jpg,mange,0.34696529774049617
dataset_2,..\PawlensAI\scraped_images\dataset_2\img_510.jpg,normal,0.502977069065415
dataset_2,..\PawlensAI\scraped_images\dataset_2\img_511.jpg,mange,0.6148079255933632
dataset_2,..\PawlensAI\scraped_images\dataset_2\img_512.jpg,other,0.3115045267660002
dataset_2,..\PawlensAI\scraped_images\dataset_2\img_513.jpg,other,0.31343550331039394
dataset_2,..\PawlensAI\scraped_images\dataset_2\img_514.jpg,wound,0.3877373597300538
dataset_2,..\PawlensAI\scraped_images\dataset_2\img_515.jpg,mange,0.5255565115514375
dataset_2,..\PawlensAI\scraped_images\dataset_2\img_516.jpg,mange,0.8889429367436497
dataset_2,..\PawlensAI\scraped_images\dataset_2\img_517.jpg,fungal,0.3224271022211073
dataset_2,..\PawlensAI\scraped_images\dataset_2\img_518.jpg,fungal,0.4852313415975962
dataset_2,..\PawlensAI\scraped_images\dataset_2\img_519.jpg,fungal,0.7510325065431045
dataset_2,..\PawlensAI\scraped_images\dataset_2\img_52.jpg,mange,0.7698705968672362
dataset_2,..\PawlensAI\scraped_images\dataset_2\img_520.jpg,normal,0.4730145439105938
dataset_2,..\PawlensAI\scraped_images\dataset_2\img_521.jpg,other,0.510638856031802
dataset_2,..\PawlensAI\scraped_images\dataset_2\img_522.jpg,normal,0.31702315941105946
dataset_2,..\PawlensAI\scraped_images\dataset_2\img_523.jpg,normal,0.7838973362172668
dataset_2,..\PawlensAI\scraped_images\dataset_2\img_524.jpg,normal,0.34361082545396116
dataset_2,..\PawlensAI\scraped_images\dataset_2\img_525.jpg,mange,0.6272653776046444
dataset_2,..\PawlensAI\scraped_images\dataset_2\img_526.jpg,mange,0.5982509233122657
dataset_2,..\PawlensAI\scraped_images\dataset_2\img_527.jpg,mange,0.49859012279280535
dataset_2,..\PawlensAI\scraped_images\dataset_2\img_528.jpg,normal,0.3511420761629098
dataset_2,..\PawlensAI\scraped_images\dataset_2\img_529.jpg,mange,0.9446264608493161
dataset_2,..\PawlensAI\scraped_images\dataset_2\img_530.jpg,fungal,0.38670474805488786
dataset_2,..\PawlensAI\scraped_images\dataset_2\img_531.jpg,mange,0.4251822196524837
dataset_2,..\PawlensAI\scraped_images\dataset_2\img_532.jpg,mange,0.5743912510012015
dataset_2,..\PawlensAI\scraped_images\dataset_2\img_533.jpg,other,0.29780490828825823
dataset_2,..\PawlensAI\scraped_images\dataset_2\img_534.jpg,normal,0.7500223203664844
dataset_2,..\PawlensAI\scraped_images\dataset_2\img_535.jpg,normal,0.9881633929601995
dataset_2,..\PawlensAI\scraped_images\dataset_2\img_536.jpg,wound,0.40381050984099254
dataset_2,..\PawlensAI\scraped_images\dataset_2\img_537.jpg,mange,0.6818830514925868
dataset_2,..\PawlensAI\scraped_images\dataset_2\img_538.jpg,normal,0.8643970083383103
dataset_2,..\PawlensAI\scraped_images\dataset_2\img_539.jpg,fungal,0.25333561593051107
dataset_2,..\PawlensAI\scraped_images\dataset_2\img_540.jpg,normal,0.4320336062187805
dataset_2,..\PawlensAI\scraped_images\dataset_2\img_541.jpg,normal,0.3648160254823247
dataset_2,..\PawlensAI\scraped_images\dataset_2\img_542.jpg,normal,0.9129175090990396
dataset_2,..\PawlensAI\scraped_images\dataset_2\img_543.jpg,mange,0.6177229276304851
dataset_2,..\PawlensAI\scraped_images\dataset_2\img_544.jpg,normal,0.7874895469619081
dataset_2,..\PawlensAI\scraped_images\dataset_2\img_545.jpg,mange,0.35062592454948643
dataset_2,..\PawlensAI\scraped_images\dataset_2\img_546.jpg,mange,0.8267192215416281
dataset_2,..\PawlensAI\scraped_images\dataset_2\img_547.jpg,normal,0.49827157867790767
dataset_2,..\PawlensAI\scraped_images\dataset_2\img_548.jpg,mange,0.3226078151673811
dataset_2,..\PawlensAI\scraped_images\dataset_2\img_549.jpg,wound,0.34431101318620155
dataset_2,..\PawlensAI\scraped_images\dataset_2\img_550.jpg,fungal,0.4173367240676772
dataset_2,..\PawlensAI\scraped_images\dataset_2\img_551.jpg,fungal,0.4176854447593754
dataset_2,..\PawlensAI\scraped_images\dataset_2\img_552.jpg,fungal,0.8026560561876809
dataset_2,..\PawlensAI\scraped_images\dataset_2\img_553.jpg,normal,0.9092013587505555
dataset_2,..\PawlensAI\scraped_images\dataset_2\img_557.jpg,fungal,0.4980946388166598
dataset_2,..\PawlensAI\scraped_images\dataset_2\img_558.jpg,normal,0.5965304283078535
dataset_2,..\PawlensAI\scraped_images\dataset_2\img_559.jpg,fungal,0.6784968714852913
dataset_2,..\PawlensAI\scraped_images\dataset_2\img_560.jpg,normal,0.4266096458406347
dataset_2,..\PawlensAI\scraped_images\dataset_2\img_561.jpg,mange,0.5636509876665491
dataset_2,..\PawlensAI\scraped_images\dataset_2\img_562.jpg,fungal,0.6436493746424011
dataset_2,..\PawlensAI\scraped_images\dataset_2\img_563.jpg,mange,0.26133656995271376
dataset_2,..\PawlensAI\scraped_images\dataset_2\img_564.jpg,fungal,0.3849877014559526
dataset_2,..\PawlensAI\scraped_images\dataset_2\img_565.jpg,normal,0.33298652867992923
dataset_2,..\PawlensAI\scraped_images\dataset_2\img_566.jpg,normal,0.47060334871378656
dataset_2,..\PawlensAI\scraped_images\dataset_2\img_567.jpg,normal,0.8333880557826148
dataset_2,..\PawlensAI\scraped_images\dataset_2\img_568.jpg,mange,0.5229759605352929
dataset_2,..\PawlensAI\scraped_images\dataset_2\img_569.jpg,fungal,0.29516863361282925
dataset_2,..\PawlensAI\scraped_images\dataset_2\img_570.jpg,wound,0.34465875547006664
dataset_2,..\PawlensAI\scraped_images\dataset_2\img_571.jpg,normal,0.43259951998054197
dataset_2,..\PawlensAI\scraped_images\dataset_2\img_572.jpg,mange,0.47216147218382115
dataset_2,..\PawlensAI\scraped_images\dataset_2\img_573.jpg,fungal,0.78657941754842
dataset_2,..\PawlensAI\scraped_images\dataset_2\img_574.jpg,fungal,0.34862185284975883
dataset_2,..\PawlensAI\scraped_images\dataset_2\img_575.jpg,mange,0.9111914039771044
dataset_2,..\PawlensAI\scraped_images\dataset_2\img_576.jpg,normal,0.27660028117259783
dataset_2,..\PawlensAI\scraped_images\dataset_2\img_577.jpg,mange,0.8116315439065896
dataset_2,..\PawlensAI\scraped_images\dataset_2\img_578.jpg,normal,0.295593747054663
dataset_2,..\PawlensAI\scraped_images\dataset_2\img_579.jpg,fungal,0.7616449358037775
dataset_2,..\PawlensAI\scraped_images\dataset_2\img_580.jpg,mange,0.8467753663614217
dataset_2,..\PawlensAI\scraped_images\dataset_2\img_581.jpg,mange,0.39390766561254764
dataset_2,..\PawlensAI\scraped_images\dataset_2\img_582.jpg,normal,0.3901283588352349
dataset_2,..\PawlensAI\scraped_images\dataset_2\img_583.jpg,mange,0.7859762230462036
dataset_2,..\PawlensAI\scraped_images\dataset_2\img_584.jpg,mange,0.6701445205045217
dataset_2,..\PawlensAI\scraped_images\dataset_2\img_585.jpg,normal,0.7227212079751181
dataset_2,..\PawlensAI\scraped_images\dataset_2\img_586.jpg,normal,0.5030954683229263
dataset_2,..\PawlensAI\scraped_images\dataset_2\img_587.jpg,normal,0.5646211501092999
dataset_2,..\PawlensAI\scraped_images\dataset_2\img_588.jpg,normal,0.4355238590841155
dataset_2,..\PawlensAI\scraped_images\dataset_2\img_589.jpg,mange,0.4303898398077973
dataset_2,..\PawlensAI\scraped_images\dataset_2\img_59.jpg,fungal,0.3054932639419593
dataset_2,..\PawlensAI\scraped_images\dataset_2\img_590.jpg,normal,0.5350580718266993
dataset_2,..\PawlensAI\scraped_images\dataset_2\img_591.jpg,fungal,0.3039779144575454
dataset_2,..\PawlensAI\scraped_images\dataset_2\img_592.jpg,normal,0.2771318944445331
dataset_2,..\PawlensAI\scraped_images\dataset_2\img_593.jpg,normal,0.4553619328240838
dataset_2,..\PawlensAI\scraped_images\dataset_2\img_594.jpg,wound,0.5668903768145671
dataset_2,..\PawlensAI\scraped_images\dataset_2\img_595.jpg,mange,0.7233413075291344
dataset_2,..\PawlensAI\scraped_images\dataset_2\img_596.jpg,normal,0.6401114010939503
dataset_2,..\PawlensAI\scraped_images\dataset_2\img_597.jpg,normal,0.39090319712530697
dataset_2,..\PawlensAI\scraped_images\dataset_2\img_598.jpg,other,0.3172332413928314
dataset_2,..\PawlensAI\scraped_images\dataset_2\img_599.jpg,normal,0.4222476140264958
dataset_2,..\PawlensAI\scraped_images\dataset_2\img_6.jpg,wound,0.3835388969137558
dataset_2,..\PawlensAI\scraped_images\dataset_2\img_60.jpg,mange,0.9746383497502282
dataset_2,..\PawlensAI\scraped_images\dataset_2\img_600.jpg,mange,0.6485072166916059
dataset_2,..\PawlensAI\scraped_images\dataset_2\img_601.jpg,normal,0.9892230676812049
dataset_2,..\PawlensAI\scraped_images\dataset_2\img_602.jpg,normal,0.7714405201710297
dataset_2,..\PawlensAI\scraped_images\dataset_2\img_603.jpg,other,0.34930301204281083
dataset_2,..\PawlensAI\scraped_images\dataset_2\img_604.jpg,fungal,0.30120268470841965
dataset_2,..\PawlensAI\scraped_images\dataset_2\img_605.jpg,normal,0.4589597791966359
dataset_2,..\PawlensAI\scraped_images\dataset_2\img_606.jpg,mange,0.8534413446307673
dataset_2,..\PawlensAI\scraped_images\dataset_2\img_61.jpg,mange,0.7405396412227391
dataset_2,..\PawlensAI\scraped_images\dataset_2\img_613.jpg,normal,0.8387445617911642
dataset_2,..\PawlensAI\scraped_images\dataset_2\img_614.jpg,fungal,0.33131228292529524
dataset_2,..\PawlensAI\scraped_images\dataset_2\img_615.jpg,fungal,0.3784252664948452
dataset_2,..\PawlensAI\scraped_images\dataset_2\img_616.jpg,fungal,0.3745375982024639
dataset_2,..\PawlensAI\scraped_images\dataset_2\img_617.jpg,normal,0.2910985088507228
dataset_2,..\PawlensAI\scraped_images\dataset_2\img_618.jpg,fungal,0.4229397606475682
dataset_2,..\PawlensAI\scraped_images\dataset_2\img_619.jpg,normal,0.9473698933633878
dataset_2,..\PawlensAI\scraped_images\dataset_2\img_62.jpg,fungal,0.6462054977510313
dataset_2,..\PawlensAI\scraped_images\dataset_2\img_620.jpg,mange,0.4979301938086414
dataset_2,..\PawlensAI\scraped_images\dataset_2\img_621.jpg,normal,0.4144235022437909
dataset_2,..\PawlensAI\scraped_images\dataset_2\img_622.jpg,mange,0.5865114648756548
dataset_2,..\PawlensAI\scraped_images\dataset_2\img_623.jpg,normal,0.4379717499347203
dataset_2,..\PawlensAI\scraped_images\dataset_2\img_624.jpg,other,0.3141429757219031
dataset_2,..\PawlensAI\scraped_images\dataset_2\img_625.jpg,normal,0.8426197271034267
dataset_2,..\PawlensAI\scraped_images\dataset_2\img_626.jpg,normal,0.3395249429168819
dataset_2,..\PawlensAI\scraped_images\dataset_2\img_627.jpg,mange,0.7816793864464943
dataset_2,..\PawlensAI\scraped_images\dataset_2\img_628.jpg,mange,0.5031065647273697
dataset_2,..\PawlensAI\scraped_images\dataset_2\img_629.jpg,other,0.46656624409061814
dataset_2,..\PawlensAI\scraped_images\dataset_2\img_63.jpg,fungal,0.23541378148720998
dataset_2,..\PawlensAI\scraped_images\dataset_2\img_630.jpg,normal,0.9465293393082048
dataset_2,..\PawlensAI\scraped_images\dataset_2\img_631.jpg,normal,0.5555570515829008
dataset_2,..\PawlensAI\scraped_images\dataset_2\img_632.jpg,normal,0.71168998942126
dataset_2,..\PawlensAI\scraped_images\dataset_2\img_633.jpg,mange,0.8878028363124414
dataset_2,..\PawlensAI\scraped_images\dataset_2\img_634.jpg,mange,0.9126115835119044
dataset_2,..\PawlensAI\scraped_images\dataset_2\img_635.jpg,fungal,0.6815795131676939
dataset_2,..\PawlensAI\scraped_images\dataset_2\img_636.jpg,other,0.32805168262066303
dataset_2,..\PawlensAI\scraped_images\dataset_2\img_637.jpg,mange,0.8516128335388397
dataset_2,..\PawlensAI\scraped_images\dataset_2\img_638.jpg,mange,0.47161009084673433
dataset_2,..\PawlensAI\scraped_images\dataset_2\img_639.jpg,normal,0.44153502796162575
dataset_2,..\PawlensAI\scraped_images\dataset_2\img_64.jpg,normal,0.5340278914782877
dataset_2,..\PawlensAI\scraped_images\dataset_2\img_640.jpg,other,0.31767831661401746
dataset_2,..\PawlensAI\scraped_images\dataset_2\img_641.jpg,mange,0.3871381644234385
dataset_2,..\PawlensAI\scraped_images\dataset_2\img_642.jpg,fungal,0.7612374468222288
dataset_2,..\PawlensAI\scraped_images\dataset_2\img_643.jpg,fungal,0.40136743819309906
dataset_2,..\PawlensAI\scraped_images\dataset_2\img_644.jpg,normal,0.5459771668458141
dataset_2,..\PawlensAI\scraped_images\dataset_2\img_645.jpg,fungal,0.3808986243946327
dataset_2,..\PawlensAI\scraped_images\dataset_2\img_646.jpg,mange,0.34940361517610763
dataset_2,..\PawlensAI\scraped_images\dataset_2\img_647.jpg,mange,0.9156102072737642
dataset_2,..\PawlensAI\scraped_images\dataset_2\img_648.jpg,fungal,0.40859128281401164
dataset_2,..\PawlensAI\scraped_images\dataset_2\img_649.jpg,fungal,0.35286308309503944
dataset_2,..\PawlensAI\scraped_images\dataset_2\img_65.jpg,mange,0.35723675656331194
dataset_2,..\PawlensAI\scraped_images\dataset_2\img_650.jpg,normal,0.5939937042366314
dataset_2,..\PawlensAI\scraped_images\dataset_2\img_651.jpg,mange,0.952847137455512
dataset_2,..\PawlensAI\scraped_images\dataset_2\img_652.jpg,normal,0.3006381156670101
dataset_2,..\PawlensAI\scraped_images\dataset_2\img_653.jpg,normal,0.7995629224856694
dataset_2,..\PawlensAI\scraped_images\dataset_2\img_654.jpg,mange,0.42368136720132443
dataset_2,..\PawlensAI\scraped_images\dataset_2\img_655.jpg,mange,0.6794254487808081
dataset_2,..\PawlensAI\scraped_images\dataset_2\img_656.jpg,fungal,0.31979074411406005
dataset_2,..\PawlensAI\scraped_images\dataset_2\img_657.jpg,fungal,0.3319908264570041
dataset_2,..\PawlensAI\scraped_images\dataset_2\img_658.jpg,mange,0.48158956515917634
dataset_2,..\PawlensAI\scraped_images\dataset_2\img_659.jpg,wound,0.35673287326211045
dataset_2,..\PawlensAI\scraped_images\dataset_2\img_66.jpg,mange,0.3734592229380439
dataset_2,..\PawlensAI\scraped_images\dataset_2\img_660.jpg,fungal,0.37124412699918613
dataset_2,..\PawlensAI\scraped_images\dataset_2\img_661.jpg,normal,0.7733275696231384
dataset_2,..\PawlensAI\scraped_images\dataset_2\img_662.jpg,fungal,0.2447349431979644
dataset_2,..\PawlensAI\scraped_images\dataset_2\img_666.jpg,normal,0.2921664897515463
dataset_2,..\PawlensAI\scraped_images\dataset_2\img_667.jpg,mange,0.17983131437488284
dataset_2,..\PawlensAI\scraped_images\dataset_2\img_668.jpg,normal,0.508915910692112
dataset_2,..\PawlensAI\scraped_images\dataset_2\img_669.jpg,mange,0.891867696312388
dataset_2,..\PawlensAI\scraped_images\dataset_2\img_67.jpg,mange,0.8934662570314195
dataset_2,..\PawlensAI\scraped_images\dataset_2\img_670.jpg,normal,0.4954589224827213
dataset_2,..\PawlensAI\scraped_images\dataset_2\img_671.jpg,normal,0.39686133610319513
dataset_2,..\PawlensAI\scraped_images\dataset_2\img_672.jpg,normal,0.35464879667782145
dataset_2,..\PawlensAI\scraped_images\dataset_2\img_673.jpg,mange,0.5889359371087591
dataset_2,..\PawlensAI\scraped_images\dataset_2\img_674.jpg,fungal,0.3973953244989346
dataset_2,..\PawlensAI\scraped_images\dataset_2\img_675.jpg,normal,0.5285053479589951
dataset_2,..\PawlensAI\scraped_images\dataset_2\img_676.jpg,other,0.6218773526658893
dataset_2,..\PawlensAI\scraped_images\dataset_2\img_677.jpg,mange,0.3915035758417336
dataset_2,..\PawlensAI\scraped_images\dataset_2\img_678.jpg,mange,0.8650422582844229
dataset_2,..\PawlensAI\scraped_images\dataset_2\img_679.jpg,other,0.405810727751811
dataset_2,..\PawlensAI\scraped_images\dataset_2\img_68.jpg,mange,0.8321261422241477
dataset_2,..\PawlensAI\scraped_images\dataset_2\img_680.jpg,normal,0.6748316493315931
dataset_2,..\PawlensAI\scraped_images\dataset_2\img_681.jpg,fungal,0.46414256920039537
dataset_2,..\PawlensAI\scraped_images\dataset_2\img_682.jpg,normal,0.9157423899439449
dataset_2,..\PawlensAI\scraped_images\dataset_2\img_683.jpg,normal,0.9546150321721233
dataset_2,..\PawlensAI\scraped_images\dataset_2\img_684.jpg,other,0.5432487746301486
dataset_2,..\PawlensAI\scraped_images\dataset_2\img_685.jpg,normal,0.2930640536807673
dataset_2,..\PawlensAI\scraped_images\dataset_2\img_686.jpg,mange,0.886632337884145
dataset_2,..\PawlensAI\scraped_images\dataset_2\img_687.jpg,normal,0.4484204283749105
dataset_2,..\PawlensAI\scraped_images\dataset_2\img_688.jpg,normal,0.6362737275489788
dataset_2,..\PawlensAI\scraped_images\dataset_2\img_689.jpg,normal,0.5715409863158815
dataset_2,..\PawlensAI\scraped_images\dataset_2\img_69.jpg,mange,0.4232243524834523
dataset_2,..\PawlensAI\scraped_images\dataset_2\img_690.jpg,normal,0.746151691701004
dataset_2,..\PawlensAI\scraped_images\dataset_2\img_691.jpg,other,0.5013987552197238
dataset_2,..\PawlensAI\scraped_images\dataset_2\img_692.jpg,fungal,0.4359875063645997
dataset_2,..\PawlensAI\scraped_images\dataset_2\img_693.jpg,normal,0.502451034059626
dataset_2,..\PawlensAI\scraped_images\dataset_2\img_694.jpg,other,0.27813551624353405
dataset_2,..\PawlensAI\scraped_images\dataset_2\img_695.jpg,other,0.2890141671040693
dataset_2,..\PawlensAI\scraped_images\dataset_2\img_696.jpg,normal,0.30473934571513683
dataset_2,..\PawlensAI\scraped_images\dataset_2\img_697.jpg,fungal,0.39435288729905815
dataset_2,..\PawlensAI\scraped_images\dataset_2\img_698.jpg,normal,0.5132855535898272
dataset_2,..\PawlensAI\scraped_images\dataset_2\img_699.jpg,fungal,0.28702144386241624
dataset_2,..\PawlensAI\scraped_images\dataset_2\img_7.jpg,other,0.5680785598281798
dataset_2,..\PawlensAI\scraped_images\dataset_2\img_70.jpg,bacterial,0.404864111785493
dataset_2,..\PawlensAI\scraped_images\dataset_2\img_700.jpg,normal,0.46061039649923385
dataset_2,..\PawlensAI\scraped_images\dataset_2\img_701.jpg,wound,0.300561469069178
dataset_2,..\PawlensAI\scraped_images\dataset_2\img_702.jpg,mange,0.3475286507030033
dataset_2,..\PawlensAI\scraped_images\dataset_2\img_703.jpg,normal,0.45522118865058586
dataset_2,..\PawlensAI\scraped_images\dataset_2\img_704.jpg,mange,0.43292830527517745
dataset_2,..\PawlensAI\scraped_images\dataset_2\img_705.jpg,fungal,0.2705840934392385
dataset_2,..\PawlensAI\scraped_images\dataset_2\img_706.jpg,fungal,0.7495871323877633
dataset_2,..\PawlensAI\scraped_images\dataset_2\img_707.jpg,mange,0.7597061394355137
dataset_2,..\PawlensAI\scraped_images\dataset_2\img_708.jpg,fungal,0.5288971872008181
dataset_2,..\PawlensAI\scraped_images\dataset_2\img_709.jpg,normal,0.6377994666420198
dataset_2,..\PawlensAI\scraped_images\dataset_2\img_71.jpg,bacterial,0.38132761599243953
dataset_2,..\PawlensAI\scraped_images\dataset_2\img_710.jpg,fungal,0.5526803861691243
dataset_2,..\PawlensAI\scraped_images\dataset_2\img_711.jpg,mange,0.3016442094301688
dataset_2,..\PawlensAI\scraped_images\dataset_2\img_712.jpg,other,0.337541229079828
dataset_2,..\PawlensAI\scraped_images\dataset_2\img_713.jpg,normal,0.39047382156385585
dataset_2,..\PawlensAI\scraped_images\dataset_2\img_714.jpg,other,0.30506110052215873
dataset_2,..\PawlensAI\scraped_images\dataset_2\img_715.jpg,mange,0.4539318762133736
dataset_2,..\PawlensAI\scraped_images\dataset_2\img_72.jpg,wound,0.2519809111484898
dataset_2,..\PawlensAI\scraped_images\dataset_2\img_725.jpg,other,0.29820978061422376
dataset_2,..\PawlensAI\scraped_images\dataset_2\img_726.jpg,fungal,0.6237807104230418
dataset_2,..\PawlensAI\scraped_images\dataset_2\img_727.jpg,fungal,0.30694168830118274
dataset_2,..\PawlensAI\scraped_images\dataset_2\img_728.jpg,other,0.3700323377107779
dataset_2,..\PawlensAI\scraped_images\dataset_2\img_729.jpg,fungal,0.4397140597126049
dataset_2,..\PawlensAI\scraped_images\dataset_2\img_73.jpg,mange,0.4347733633493679
dataset_2,..\PawlensAI\scraped_images\dataset_2\img_730.jpg,normal,0.5482272040211168
dataset_2,..\PawlensAI\scraped_images\dataset_2\img_731.jpg,wound,0.35979994260337334
dataset_2,..\PawlensAI\scraped_images\dataset_2\img_732.jpg,fungal,0.5930544392950939
dataset_2,..\PawlensAI\scraped_images\dataset_2\img_733.jpg,other,0.3203088176010806
dataset_2,..\PawlensAI\scraped_images\dataset_2\img_734.jpg,normal,0.4939536362682922
dataset_2,..\PawlensAI\scraped_images\dataset_2\img_735.jpg,fungal,0.6475310371991021
dataset_2,..\PawlensAI\scraped_images\dataset_2\img_736.jpg,mange,0.4441544075890744
dataset_2,..\PawlensAI\scraped_images\dataset_2\img_737.jpg,mange,0.5356880331684718
dataset_2,..\PawlensAI\scraped_images\dataset_2\img_738.jpg,mange,0.7852133997022134
dataset_2,..\PawlensAI\scraped_images\dataset_2\img_739.jpg,fungal,0.6655036500883357
dataset_2,..\PawlensAI\scraped_images\dataset_2\img_74.jpg,mange,0.6390075064453876
dataset_2,..\PawlensAI\scraped_images\dataset_2\img_740.jpg,normal,0.4894749625634871
dataset_2,..\PawlensAI\scraped_images\dataset_2\img_741.jpg,fungal,0.360301625752406
dataset_2,..\PawlensAI\scraped_images\dataset_2\img_742.jpg,normal,0.620886305907959
dataset_2,..\PawlensAI\scraped_images\dataset_2\img_743.jpg,normal,0.48152672396510626
dataset_2,..\PawlensAI\scraped_images\dataset_2\img_744.jpg,normal,0.47391346215735897
dataset_2,..\PawlensAI\scraped_images\dataset_2\img_745.jpg,normal,0.3290391124238114
dataset_2,..\PawlensAI\scraped_images\dataset_2\img_746.jpg,mange,0.8179428789290006
dataset_2,..\PawlensAI\scraped_images\dataset_2\img_747.jpg,wound,0.33589026120294835
dataset_2,..\PawlensAI\scraped_images\dataset_2\img_748.jpg,other,0.3571398312676085
dataset_2,..\PawlensAI\scraped_images\dataset_2\img_749.jpg,other,0.3481022316926421
dataset_2,..\PawlensAI\scraped_images\dataset_2\img_75.jpg,mange,0.46842896326136446
dataset_2,..\PawlensAI\scraped_images\dataset_2\img_750.jpg,mange,0.32474739093455973
dataset_2,..\PawlensAI\scraped_images\dataset_2\img_751.jpg,other,0.2755038041592253
dataset_2,..\PawlensAI\scraped_images\dataset_2\img_752.jpg,fungal,0.4517937397175548
dataset_2,..\PawlensAI\scraped_images\dataset_2\img_753.jpg,mange,0.3734243885917134
dataset_2,..\PawlensAI\scraped_images\dataset_2\img_754.jpg,other,0.4098658546863418
dataset_2,..\PawlensAI\scraped_images\dataset_2\img_755.jpg,normal,0.8004140980800097
dataset_2,..\PawlensAI\scraped_images\dataset_2\img_756.jpg,mange,0.494927021415996
dataset_2,..\PawlensAI\scraped_images\dataset_2\img_757.jpg,fungal,0.3549452556025859
dataset_2,..\PawlensAI\scraped_images\dataset_2\img_758.jpg,mange,0.3437797468932145
dataset_2,..\PawlensAI\scraped_images\dataset_2\img_759.jpg,normal,0.554784163269457
dataset_2,..\PawlensAI\scraped_images\dataset_2\img_76.jpg,mange,0.2979616670413121
dataset_2,..\PawlensAI\scraped_images\dataset_2\img_760.jpg,normal,0.6934519535663791
dataset_2,..\PawlensAI\scraped_images\dataset_2\img_761.jpg,mange,0.4238938200279285
dataset_2,..\PawlensAI\scraped_images\dataset_2\img_762.jpg,other,0.47795686313322217
dataset_2,..\PawlensAI\scraped_images\dataset_2\img_763.jpg,mange,0.4260740110110381
dataset_2,..\PawlensAI\scraped_images\dataset_2\img_764.jpg,normal,0.630358106515883
dataset_2,..\PawlensAI\scraped_images\dataset_2\img_765.jpg,mange,0.47645916233300367
dataset_2,..\PawlensAI\scraped_images\dataset_2\img_766.jpg,mange,0.26244779212227987
dataset_2,..\PawlensAI\scraped_images\dataset_2\img_767.jpg,mange,0.48236878770597785
dataset_2,..\PawlensAI\scraped_images\dataset_2\img_768.jpg,other,0.32686618202585227
dataset_2,..\PawlensAI\scraped_images\dataset_2\img_769.jpg,mange,0.6770017004860416
dataset_2,..\PawlensAI\scraped_images\dataset_2\img_77.jpg,other,0.32137772257853586
dataset_2,..\PawlensAI\scraped_images\dataset_2\img_770.jpg,fungal,0.614547378461455
dataset_2,..\PawlensAI\scraped_images\dataset_2\img_771.jpg,mange,0.9043752056176119
dataset_2,..\PawlensAI\scraped_images\dataset_2\img_772.jpg,fungal,0.40703353870314946
dataset_2,..\PawlensAI\scraped_images\dataset_2\img_773.jpg,allergy,0.40634125988437214
dataset_2,..\PawlensAI\scraped_images\dataset_2\img_774.jpg,mange,0.6157086818637562
dataset_2,..\PawlensAI\scraped_images\dataset_2\img_78.jpg,fungal,0.3272782714680521
dataset_2,..\PawlensAI\scraped_images\dataset_2\img_787.jpg,mange,0.464341268159608
dataset_2,..\PawlensAI\scraped_images\dataset_2\img_788.jpg,bacterial,0.30326311085230817
dataset_2,..\PawlensAI\scraped_images\dataset_2\img_789.jpg,wound,0.41435336969198255
dataset_2,..\PawlensAI\scraped_images\dataset_2\img_79.jpg,wound,0.33331681258285756
dataset_2,..\PawlensAI\scraped_images\dataset_2\img_790.jpg,mange,0.4115535436605051
dataset_2,..\PawlensAI\scraped_images\dataset_2\img_791.jpg,fungal,0.4909741952726462
dataset_2,..\PawlensAI\scraped_images\dataset_2\img_792.jpg,fungal,0.3154247894959239
dataset_2,..\PawlensAI\scraped_images\dataset_2\img_793.jpg,fungal,0.32515400644872633
dataset_2,..\PawlensAI\scraped_images\dataset_2\img_794.jpg,fungal,0.8994769959092538
dataset_2,..\PawlensAI\scraped_images\dataset_2\img_795.jpg,normal,0.48940164417924054
dataset_2,..\PawlensAI\scraped_images\dataset_2\img_796.jpg,bacterial,0.4031859677035745
dataset_2,..\PawlensAI\scraped_images\dataset_2\img_797.jpg,other,0.20070376471471524
dataset_2,..\PawlensAI\scraped_images\dataset_2\img_798.jpg,mange,0.3887555202076376
dataset_2,..\PawlensAI\scraped_images\dataset_2\img_799.jpg,wound,0.49793035705683086
dataset_2,..\PawlensAI\scraped_images\dataset_2\img_8.jpg,fungal,0.684641169409358
dataset_2,..\PawlensAI\scraped_images\dataset_2\img_80.jpg,normal,0.2618248494746098
dataset_2,..\PawlensAI\scraped_images\dataset_2\img_800.jpg,fungal,0.5888426549440512
dataset_2,..\PawlensAI\scraped_images\dataset_2\img_801.jpg,wound,0.4532469968380703
dataset_2,..\PawlensAI\scraped_images\dataset_2\img_802.jpg,normal,0.42879884325334466
dataset_2,..\PawlensAI\scraped_images\dataset_2\img_803.jpg,fungal,0.6784397333033079
dataset_2,..\PawlensAI\scraped_images\dataset_2\img_804.jpg,fungal,0.2444942659805215
dataset_2,..\PawlensAI\scraped_images\dataset_2\img_81.jpg,normal,0.5097061295529216
dataset_2,..\PawlensAI\scraped_images\dataset_2\img_82.jpg,fungal,0.5191550741214348
dataset_2,..\PawlensAI\scraped_images\dataset_2\img_83.jpg,fungal,0.6383745532049331
dataset_2,..\PawlensAI\scraped_images\dataset_2\img_84.jpg,mange,0.885488170304719
dataset_2,..\PawlensAI\scraped_images\dataset_2\img_85.jpg,mange,0.8365247295881272
dataset_2,..\PawlensAI\scraped_images\dataset_2\img_86.jpg,bacterial,0.3793662279801119
dataset_2,..\PawlensAI\scraped_images\dataset_2\img_87.jpg,bacterial,0.2752420592511773
dataset_2,..\PawlensAI\scraped_images\dataset_2\img_88.jpg,normal,0.45091181022723764
dataset_2,..\PawlensAI\scraped_images\dataset_2\img_89.jpg,fungal,0.2698035284595597
dataset_2,..\PawlensAI\scraped_images\dataset_2\img_9.jpg,mange,0.3118710185136797
dataset_2,..\PawlensAI\scraped_images\dataset_2\img_90.jpg,fungal,0.377754163240562
dataset_2,..\PawlensAI\scraped_images\dataset_2\img_91.jpg,mange,0.6344242908304398
dataset_2,..\PawlensAI\scraped_images\dataset_2\img_92.jpg,fungal,0.48121180031619076
dataset_2,..\PawlensAI\scraped_images\dataset_2\img_93.jpg,fungal,0.2491166422064582
dataset_2,..\PawlensAI\scraped_images\dataset_2\img_94.jpg,mange,0.8535265323022214
dataset_2,..\PawlensAI\scraped_images\dataset_2\img_95.jpg,mange,0.352768784196883
dataset_2,..\PawlensAI\scraped_images\dataset_2\img_96.jpg,fungal,0.266984242219954
dataset_2,..\PawlensAI\scraped_images\dataset_2\img_97.jpg,fungal,0.6630695857401853
dataset_2,..\PawlensAI\scraped_images\dataset_2\img_98.jpg,normal,0.303323274023452
dataset_2,..\PawlensAI\scraped_images\dataset_2\img_99.jpg,mange,0.37033330657677316
